country,city,venue,googlemaps_search_text,googlemaps_hyperlink,find1,find2,find3,link_y,link_x,test_coordinates,city_disambiguation
USA,Washington,9:30 Club,"9:30 Club, Washington, USA","https://www.google.com/maps/place/9:30+Club,+815+V+St+NW,+Washington,+DC+20001,+United+States/@38.917948,-77.0237227,17z/data=!4m14!1m7!3m6!1s0x89b7b7e4e14bfd17:0x857bea566bae220d!2s815+V+St+NW,+Washington,+DC+20001,+USA!8m2!3d38.9180858!4d-77.023652!16s%2Fg%2F11bw410j86!3m5!1s0x89b7b7e4e228e9c5:0x3161fd12357c29b8!8m2!3d38.917948!4d-77.0237227!16zL20vMDNqZ3dw",95,105,117,38.917948,-77.0237227,"38.917948, -77.0237227",
USA,Washington,All Souls Church Pierce Hall,"All Souls Church Pierce Hall, Washington, USA","https://www.google.com/maps/place/All+Souls+Church+Unitarian/@38.9260015,-77.0380262,17z/data=!3m1!4b1!4m5!3m4!1s0x89b7b7df9b9e718f:0x79e5b4e3bc5b7d37!8m2!3d38.9260015!4d-77.0358375",62,73,85,38.9260015,-77.0380262,"38.9260015, -77.0380262",
USA,Washington,Black Cat,"Black Cat, Washington, USA","https://www.google.com/maps/place/Black+Cat/@38.9145825,-77.033917,17z/data=!3m1!4b1!4m5!3m4!1s0x89b7b7e8475b9d73:0xadcd7377f9e90e36!8m2!3d38.9145827!4d-77.0317256",45,56,67,38.9145825,-77.033917,"38.9145825, -77.033917",
USA,Washington,Citadel Center,"Citadel Center, Washington, USA","https://www.google.com/maps/place/Citadel/@41.8797542,-87.6313528,17z/data=!3m1!4b1!4m5!3m4!1s0x880e2cbca3176469:0xb50c07f9bb38b9c1!8m2!3d41.8797542!4d-87.6291641",43,54,66,41.8797542,-87.6313528,"41.8797542, -87.6313528",
USA,Washington,dc space,"dc space, Washington, USA","https://www.google.com/maps/@38.8961678,-77.0217578,3a,40.3y,174.73h,93.37t/data=!3m7!1e1!3m5!1syYLHCudMirKlzWsBf9LYqQ!2e0!6shttps:%2F%2Fstreetviewpixels-pa.googleapis.com%2Fv1%2Fthumbnail%3Fpanoid%3DyYLHCudMirKlzWsBf9LYqQ%26cb_client%3Dmaps_sv.tactile.gps%26w%3D203%26h%3D100%26yaw%3D203.73732%26pitch%3D0%26thumbfov%3D100!7i16384!8i8192",29,40,52,38.8961678,-77.0217578,"38.8961678, -77.0217578",
USA,Washington,Dupont Circle,"Dupont Circle, Washington, USA","https://www.google.com/maps/place/Rear+Admiral+Samuel+Francis+Dupont+Memorial/@38.9096631,-77.0436868,19.69z/data=!4m13!1m7!3m6!1s0x89b7b7c5d741b8af:0x2ebd3e79025f91b2!2sDupont+Circle,+Washington,+DC,+USA!3b1!8m2!3d38.9096936!4d-77.043339!3m4!1s0x89b7b7c60d1f94e3:0x7d356e6d0b788049!8m2!3d38.9096441!4d-77.0434399",79,90,102,38.9096631,-77.0436868,"38.9096631, -77.0436868",
USA,Washington,First Baptist Church,"First Baptist Church, Washington, USA","https://www.google.com/maps/place/The+First+Baptist+Church+of+the+City+of+Washington,+D.C./@38.9084722,-77.0393984,17z/data=!3m1!4b1!4m5!3m4!1s0x89b7b7b545910b73:0xdc90203709cc7fa2!8m2!3d38.9084722!4d-77.0372097",92,103,115,38.9084722,-77.0393984,"38.9084722, -77.0393984",
USA,Washington,Fort Reno,"Fort Reno, Washington, USA","https://www.google.com/maps/place/Fort+Reno+concert+stage/@38.9512105,-77.0773621,18.82z/data=!4m12!1m6!3m5!1s0x89b7c9c09c170113:0xceb26f8e483bb15c!2sFort+Reno+Park!8m2!3d38.9514915!4d-77.0771776!3m4!1s0x89b7c9c07da61e93:0x9986818947565b48!8m2!3d38.9512047!4d-77.0767908",59,70,82,38.9512105,-77.0773621,"38.9512105, -77.0773621",
USA,Washington,Freedom Plaza,"Freedom Plaza, Washington, USA","https://www.google.com/maps/place/Freedom+Plaza/@38.8965025,-77.0301014,20.08z/data=!4m5!3m4!1s0x89b7b729351fc803:0x4a46ed8fcbea12da!8m2!3d38.8965205!4d-77.0299092",49,60,72,38.8965025,-77.0301014,"38.8965025, -77.0301014",
USA,Washington,Lafayette Park,"Lafayette Park, Washington, USA","https://www.google.com/maps/place/Lafayette+Square/@38.8995761,-77.037102,18.3z/data=!4m5!3m4!1s0x89b7b7bc4c549b49:0x235ff1d167c8d338!8m2!3d38.8995369!4d-77.0365489",52,63,74,38.8995761,-77.037102,"38.8995761, -77.037102",
USA,Washington,Malcolm X Park,"Malcolm X Park, Washington, USA","https://www.google.com/maps/place/Meridian+Hill+Park/@38.9210916,-77.036072,19.52z/data=!4m5!3m4!1s0x89b7b7ddd02c95d9:0x668551deadd9469f!8m2!3d38.9210639!4d-77.0358109",54,65,76,38.9210916,-77.036072,"38.9210916, -77.036072",
USA,Washington,Pirate House / Brendan's Going Away Party,"Pirate House / Brendan's Going Away Party, Washington, USA","https://www.google.com/maps/place/3204+17th+St+NW,+Washington,+DC+20010,+USA/@38.931732,-77.0387721,18z/data=!4m6!3m5!1s0x89b7c8215321d741:0xca1e8adc30c11891!8m2!3d38.9318216!4d-77.039085!16s%2Fg%2F11c2cj4hqr",78,88,100,38.931732,-77.0387721,"38.931732, -77.0387721",
USA,Washington,Sacred Heart Church Hall,"Sacred Heart Church Hall, Washington, USA","https://www.google.com/maps/place/Shrine+of+the+Sacred+Heart/@38.9310756,-77.036296,19.86z/data=!4m5!3m4!1s0x89b7c818ae33b2a5:0xbab3e6292687f491!8m2!3d38.9311635!4d-77.0359619",62,73,84,38.9310756,-77.036296,"38.9310756, -77.036296",
USA,Washington,Sanctuary Theater,"Sanctuary Theater, Washington, USA","https://www.google.com/maps/place/Sanctuary+At+Admiral/@47.5794484,-122.3850059,21z/data=!4m5!3m4!1s0x549040661557d243:0x39bb92694a24401!8m2!3d47.5794925!4d-122.3850183",56,67,80,47.5794484,-122.3850059,"47.5794484, -122.3850059",
USA,Washington,Smithsonian Folklife Festival / National Mall,"Smithsonian Folklife Festival / National Mall, Washington, USA","https://www.google.com/maps/place/38%C2%B053'22.4%22N+77%C2%B001'36.7%22W/@38.8895556,-77.0268611,17z/data=!4m4!3m3!8m2!3d38.8895556!4d-77.0268611",75,86,98,38.8895556,-77.0268611,"38.8895556, -77.0268611",
USA,Washington,St. Augustine's Church Hall,"St. Augustine's Church Hall, Washington, USA","https://www.google.com/maps/search/St.+Augustine's+Church+Hall,+Washington,+USA/@38.9183004,-77.0343509,20z",81,92,104,38.9183004,-77.0343509,"38.9183004, -77.0343509",
USA,Washington,St. Stephen's Church Cafeteria,"St. Stephen's Church Cafeteria, Washington, USA","https://www.google.com/maps/place/1525+Newton+St+NW,+Washington,+DC+20010,+USA/@38.933469,-77.0357597,19z/data=!4m6!3m5!1s0x89b7c8224927009d:0x81d5a5e74a3efa3d!8m2!3d38.9334824!4d-77.0357195!16s%2Fg%2F11c2hrcjkj",80,90,102,38.933469,-77.0357597,"38.933469, -77.0357597",
USA,Washington,St. Stephen's Church Hall,"St. Stephen's Church Hall, Washington, USA","https://www.google.com/maps/place/1525+Newton+St+NW,+Washington,+DC+20010,+USA/@38.933469,-77.0357597,19z/data=!4m6!3m5!1s0x89b7c8224927009d:0x81d5a5e74a3efa3d!8m2!3d38.9334824!4d-77.0357195!16s%2Fg%2F11c2hrcjkj",80,90,102,38.933469,-77.0357597,"38.933469, -77.0357597",
USA,Washington,Sylvan Theater,"Sylvan Theater, Washington, USA","https://www.google.com/maps/place/Sylvan+Theater/@38.8883593,-77.034624,20.91z/data=!4m5!3m4!1s0x89b7b7a1bdf6bffb:0x84a633068b5dc4ff!8m2!3d38.8883575!4d-77.0345214",50,61,72,38.8883593,-77.034624,"38.8883593, -77.034624",
USA,Washington,US Capitol Plaza Supreme Court,"US Capitol Plaza Supreme Court, Washington, USA","https://www.google.com/maps/place/Supreme+Court+of+the+United+States/@38.8905705,-77.0069332,19z/data=!4m5!3m4!1s0x89b7b828d32c69bb:0xffb704728ee19592!8m2!3d38.8906396!4d-77.0050676",70,81,93,38.8905705,-77.0069332,"38.8905705, -77.0069332",
USA,Washington,Wilson Center,"Wilson Center, Washington, USA","https://www.google.com/maps/place/The+Wilson+Center/@38.8934297,-77.030587,19.6z/data=!4m5!3m4!1s0x89b7b79762f518d1:0x3e73088a9489b574!8m2!3d38.8934586!4d-77.0303701",53,64,75,38.8934297,-77.030587,"38.8934297, -77.030587",
USA,New York,Barnard College Cafeteria,"Barnard College Cafeteria, New York, USA","https://www.google.com/maps/search/Barnard+College+Cafeteria,+New+York,+USA/@40.8095145,-73.963595,17z",77,88,99,40.8095145,-73.963595,"40.8095145, -73.963595",
USA,New York,Columbia University,"Columbia University, New York, USA","https://www.google.com/maps/place/Columbia+University,+New+York,+NY+10027,+United+States/@40.8075355,-73.9625727,17z/data=!4m6!3m5!1s0x89c2f63e96d30dc9:0x577933f947e52750!8m2!3d40.8075355!4d-73.9625727!16zL20vMDF3NW0",90,101,113,40.8075355,-73.9625727,"40.8075355, -73.9625727",
USA,New York,Irving Plaza,"Irving Plaza, New York, USA","https://www.google.com/maps/place/Irving+Plaza,+17+Irving+Pl,+New+York,+NY+10003,+United+States/@40.7348818,-73.9884409,19z/data=!4m12!1m5!3m4!2s40.734812,+-73.988208!8m2!3d40.7348117!4d-73.9882075!3m5!1s0x89c2599f49ef3ae9:0xfef9fa6b6a342ec2!8m2!3d40.734929!4d-73.988448!16zL20vMGM1aHZw",97,108,120,40.7348818,-73.9884409,"40.7348818, -73.9884409",
USA,New York,Marquee,"Marquee, New York, USA","https://www.google.com/maps/place/Marquee+New+York,+289+10th+Ave,+New+York,+NY+10001,+United+States/@40.7500995,-74.0028054,17z/data=!4m6!3m5!1s0x89c259b71ae50907:0x47ebbcc9a4b5fea5!8m2!3d40.7500995!4d-74.0028054!16s%2Fg%2F12xq_n9qd",101,112,124,40.7500995,-74.0028054,"40.7500995, -74.0028054",
USA,New York,NYU Loeb Center,"NYU Loeb Center, New York, USA","https://www.google.com/maps/place/Kimmel+Center+for+University+Life,+60+Washington+Square+S,+New+York,+NY+10012,+United+States/@40.7299366,-73.9978275,17z/data=!4m6!3m5!1s0x89c25991aaf1649f:0x8e1fd6bc178ccfb8!8m2!3d40.7299366!4d-73.9978275!16s%2Fg%2F120kn3l4",128,139,151,40.7299366,-73.9978275,"40.7299366, -73.9978275",
USA,New York,NYU Student Union,"NYU Student Union, New York, USA","https://www.google.com/maps/place/60+Washington+Square+S,+New+York,+NY+10012,+USA/@40.7299045,-73.9978599,19z/data=!4m14!1m7!3m6!1s0x89c25991ab807c53:0x2fcd8f5a04fdb09f!2s60+Washington+Square+S,+New+York,+NY+10012,+USA!8m2!3d40.7297809!4d-73.9978657!16s%2Fg%2F12hm7ysqw!3m5!1s0x89c25991ab807c53:0x2fcd8f5a04fdb09f!8m2!3d40.7297809!4d-73.9978657!16s%2Fg%2F12hm7ysqw",83,94,106,40.7299045,-73.9978599,"40.7299045, -73.9978599",
USA,New York,Palladium,"Palladium, New York, USA","https://www.google.com/maps/search/Palladium,+New+York,+USA/@40.7507356,-73.9873358,19z",61,72,84,40.7507356,-73.9873358,"40.7507356, -73.9873358",
USA,New York,Ritz,"Ritz, New York, USA","https://www.google.com/maps/place/The+Ritz-Carlton+New+York,+Central+Park,+50+Central+Park+S,+New+York,+NY+10019,+United+States/@40.7652719,-73.9759992,17z/data=!4m6!3m5!1s0x89c258f0c05d23e3:0xdcf3272e0865cda9!8m2!3d40.7652719!4d-73.9759992!16s%2Fg%2F1tfjm0s3",129,140,152,40.7652719,-73.9759992,"40.7652719, -73.9759992",
USA,New York,Roseland Ballroom,"Roseland Ballroom, New York, USA","https://www.google.com/maps/place/Roseland+Ballroom,+239+W+52nd+St,+New+York,+NY+10019,+United+States/@40.7632592,-73.9839337,16z/data=!4m6!3m5!1s0x89c25857c8dfea1d:0x6c0e0ed42d25b199!8m2!3d40.7632592!4d-73.9839337!16zL20vMGM4N2wy",103,114,126,40.7632592,-73.9839337,"40.7632592, -73.9839337",
USA,New York,Roxy,"Roxy, New York, USA","https://www.google.com/maps/place/Roxy+Cinema+New+York,+2+6th+Avenue+Cellar+Level,+New+York,+NY+10013,+United+States/@40.7194085,-74.0049093,17z/data=!4m6!3m5!1s0x89c2598a9717144b:0x88536ee707309620!8m2!3d40.7194085!4d-74.0049093!16s%2Fg%2F11c30_xrrt",118,129,141,40.7194085,-74.0049093,"40.7194085, -74.0049093",
USA,Portland,58 Fore St.,"58 Fore St., Portland, USA","https://www.google.com/maps/place/58+Fore+St,+Portland,+ME+04101,+USA/@43.663166,-70.2434942,17z/data=!4m6!3m5!1s0x4cb29c438378dabf:0xbae676ca9e09d44!8m2!3d43.663166!4d-70.2434942!16s%2Fg%2F11b8vf4lk3",71,81,93,43.663166,-70.2434942,"43.663166, -70.2434942",Portland (ME)
USA,Portland,Asylum,"Asylum, Portland, USA","https://www.google.com/maps/place/Asylum,+121+Center+St,+Portland,+ME+04101,+United+States/@43.6565853,-70.2589916,17z/data=!4m6!3m5!1s0x4cb29c14f75aaaab:0xd50454795ac184!8m2!3d43.6565853!4d-70.2589916!16s%2Fg%2F11fnyph_57",92,103,115,43.6565853,-70.2589916,"43.6565853, -70.2589916",Portland (ME)
USA,Portland,Crystal Ballroom,"Crystal Ballroom, Portland, USA","https://www.google.com/maps/place/McMenamins+Crystal+Ballroom,+1332+W+Burnside+St,+Portland,+OR+97209,+United+States/@45.5228361,-122.684884,17z/data=!4m6!3m5!1s0x54950a02e43decb9:0xe289ad93ad758c66!8m2!3d45.5228361!4d-122.684884!16s%2Fm%2F03cb572",118,129,141,45.5228361,-122.684884,"45.5228361, -122.684884",Portland (OR)
USA,Portland,Father Hayes Gym Bar,"Father Hayes Gym Bar, Portland, USA","https://www.google.com/maps/place/699+Stevens+Ave,+Portland,+ME+04103,+USA/@43.6822311,-70.2934803,15z/data=!4m6!3m5!1s0x4cb29ba05c08560b:0xa6afa194c73c73f5!8m2!3d43.6822311!4d-70.2934803!16s%2Fg%2F11c1dspjp0?gl=cl",76,87,99,43.6822311,-70.2934803,"43.6822311, -70.2934803",Portland (ME)
USA,Portland,La Luna,"La Luna, Portland, USA","https://www.google.com/maps/place/SE+9th+Ave+%26+SE+Pine+St,+Portland,+OR+97214,+USA/@45.520777,-122.6565613,17z/data=!4m6!3m5!1s0x5495a0a4327a9c53:0xb8a205459f1f1d74!8m2!3d45.520777!4d-122.6565613!16s%2Fg%2F11gdrh4yqv",86,96,109,45.520777,-122.6565613,"45.520777, -122.6565613",Portland (OR)
USA,Portland,Melody Ballroom,"Melody Ballroom, Portland, USA","https://www.google.com/maps/place/The+Melody+Event+Center,+615+SE+Alder+St+Suite+B,+Portland,+OR+97214,+United+States/@45.5180556,-122.6594444,17z/data=!4m6!3m5!1s0x5495a0a72f2e111d:0x1df61610e98e4bb9!8m2!3d45.5180556!4d-122.6594444!16s%2Fg%2F1tht14z9",119,130,143,45.5180556,-122.6594444,"45.5180556, -122.6594444",Portland (OR)
USA,Portland,Pine Street Theater,"Pine Street Theater, Portland, USA","https://www.google.com/maps/place/SE+9th+Ave+%26+SE+Pine+St,+Portland,+OR+97214,+USA/@45.5207801,-122.6566134,19z/data=!4m6!3m5!1s0x5495a0a4327a9c53:0xb8a205459f1f1d74!8m2!3d45.520777!4d-122.6565613!16s%2Fg%2F11gdrh4yqv",86,97,110,45.5207801,-122.6566134,"45.5207801, -122.6566134",Portland (OR)
USA,Portland,"Sullivan Gym, U. of S. Maine","Sullivan Gym, U. of S. Maine, Portland, USA","https://www.google.com/maps/place/Sullivan+Recreation+and+Fitness+Complex,+66+Falmouth+St,+Portland,+ME+04103,+United+States/@43.6635352,-70.2755658,17z/data=!4m6!3m5!1s0x4cb29c7574713887:0x510769c3794c1bf3!8m2!3d43.6635352!4d-70.2755658!16s%2Fg%2F11dxl6pc9r",126,137,149,43.6635352,-70.2755658,"43.6635352, -70.2755658",Portland (ME)
USA,Portland,Zootz,"Zootz, Portland, USA","https://www.google.com/maps/place/19+Forest+Ave,+Portland,+ME+04101,+USA/@43.6551839,-70.2632702,18z/data=!4m5!3m4!1s0x4cb29c13ef685f83:0x663bfd933f7b87b6!8m2!3d43.6552592!4d-70.2632734",74,85,97,43.6551839,-70.2632702,"43.6551839, -70.2632702",Portland (ME)
Australia,Sydney,Burland Centre,"Burland Centre, Sydney, Australia","https://www.google.com/maps/place/Harry+Burland+Activity+Centre,+132-134+Shepherd+St,+Darlington+NSW+2008,+Australia/@-33.8892326,151.1948209,18z/data=!4m9!1m2!2m1!1sBurland+Center,+Sydney,+Australia!3m5!1s0x6b12b1d6e7d3d159:0x2b8de4485616314a!8m2!3d-33.8893014!4d151.1949782!16s%2Fg%2F11g8cs05kz",118,130,142,-33.8892326,151.1948209,"-33.8892326, 151.1948209",
Australia,Sydney,Manly Youth Center,"Manly Youth Center, Sydney, Australia","https://www.google.com/maps/search/Manly+Youth+Center,+Sydney,+Australia/@-33.7946915,151.2843235,20z",74,86,98,-33.7946915,151.2843235,"-33.7946915, 151.2843235",
Australia,Sydney,Metro,"Metro, Sydney, Australia","https://www.google.com/maps/place/Metro+Theatre,+624+George+St,+Sydney+NSW+2000,+Australia/@-33.8756118,151.2066704,19z/data=!4m6!3m5!1s0x6b12ae3c582c0415:0x511be83bed3964af!8m2!3d-33.8756438!4d151.2066562!16zL20vMDZmMnRs",92,104,116,-33.8756118,151.2066704,"-33.8756118, 151.2066704",
Australia,Sydney,Sydney Town hall,"Sydney Town hall, Sydney, Australia","https://www.google.com/maps/place/Sydney+Town+Hall,+483+George+St,+Sydney+NSW+2000,+Australia/@-33.8730546,151.2061557,19z/data=!4m6!3m5!1s0x6b12ae3c27682c85:0xb1663d1d054300f6!8m2!3d-33.8731575!4d151.2061157!16zL20vMDhxYmxo",95,107,119,-33.8730546,151.2061557,"-33.8730546, 151.2061557",
Australia,Sydney,Sydney Uni,"Sydney Uni, Sydney, Australia","https://www.google.com/maps/place/The+University+of+Sydney,+Camperdown+NSW+2006,+Australia/@-33.8885748,151.1873494,17z/data=!4m6!3m5!1s0x6b12b1d4ab9ef1d9:0x1d017d69037a07c0!8m2!3d-33.8885748!4d151.1873494!16zL20vMDd2azI",92,104,116,-33.8885748,151.1873494,"-33.8885748, 151.1873494",
Australia,Sydney,Sydney University,"Sydney University, Sydney, Australia","https://www.google.com/maps/place/The+University+of+Sydney,+Camperdown+NSW+2006,+Australia/@-33.8885748,151.1873494,17z/data=!4m6!3m5!1s0x6b12b1d4ab9ef1d9:0x1d017d69037a07c0!8m2!3d-33.8885748!4d151.1873494!16zL20vMDd2azI",92,104,116,-33.8885748,151.1873494,"-33.8885748, 151.1873494",
Australia,Sydney,Uni Manning Bar,"Uni Manning Bar, Sydney, Australia","https://www.google.com/maps/place/Manning+Bar,+Manning+House,+Manning+Rd,+Camperdown+NSW+2050,+Australia/@-33.8868904,151.1876221,17z/data=!4m6!3m5!1s0x6b12b1d51c33f4d5:0x338b4133d095c3b9!8m2!3d-33.8868904!4d151.1876221!16s%2Fm%2F0k70f3z",106,118,130,-33.8868904,151.1876221,"-33.8868904, 151.1876221",
USA,Houston,Axiom,"Axiom, Houston, USA","https://www.google.com/maps/place/2524+McKinney+St,+Houston,+TX+77003,+USA/@29.7486073,-95.3514947,19z/data=!4m6!3m5!1s0x8640bee024857987:0x6d2eb19c85545c9d!8m2!3d29.7486049!4d-95.351495!16s%2Fg%2F11c1dvtq1_",76,87,99,29.7486073,-95.3514947,"29.7486073, -95.3514947",
USA,Houston,D&I Colonial Hall,"D&I Colonial Hall, Houston, USA","https://www.google.com/maps/place/6610+Capitol+St,+Houston,+TX+77011,+USA/@29.7363192,-95.3098083,18z/data=!4m6!3m5!1s0x8640bc29e7659569:0x9cb708d5e12f4619!8m2!3d29.7361843!4d-95.3098044!16s%2Fg%2F11c13sb8fd?gl=cl",75,86,98,29.7363192,-95.3098083,"29.7363192, -95.3098083",
USA,Houston,Fitzgerald's,"Fitzgerald's, Houston, USA","https://www.google.com/maps/place/2706+White+Oak+Dr,+Houston,+TX+77007,+USA/@29.7818262,-95.3879991,19z/data=!4m6!3m5!1s0x8640b8af39e283d7:0x1f19a9249fa5b43f!8m2!3d29.7818972!4d-95.388082!16s%2Fg%2F11b8v47jx0",77,88,100,29.7818262,-95.3879991,"29.7818262, -95.3879991",
USA,Houston,Homage,"Homage, Houston, USA","https://www.google.com/maps/place/2204+Louisiana+St,+Houston,+TX+77002,+USA/@29.7494937,-95.375154,20z/data=!4m6!3m5!1s0x8640bf6a829adc67:0x54a43d8886547689!8m2!3d29.7494317!4d-95.3751028!16s%2Fg%2F11bw3zyfnl",77,88,99,29.7494937,-95.375154,"29.7494937, -95.375154",
USA,Houston,International Ballroom,"International Ballroom, Houston, USA","https://www.google.com/maps/place/The+Fountain+of+Praise+Ministry+%26+Operations+Center,+14075+S+Main+St,+Houston,+TX+77035,+United+States/@29.6351461,-95.49398,19z/data=!4m6!3m5!1s0x8640e987f336208d:0xa89aa0f3c60ac906!8m2!3d29.6354168!4d-95.494178!16s%2Fg%2F11h61lc_mh",140,151,161,29.6351461,-95.49398,"29.6351461, -95.49398",
USA,Houston,Phoenix Ballroom,"Phoenix Ballroom, Houston, USA","https://www.google.com/maps/place/15152+Bellaire+Blvd,+Houston,+TX+77083,+USA/@29.7014137,-95.6546244,19z/data=!4m6!3m5!1s0x8640de70f034aa41:0x3bec0a4239e5856e!8m2!3d29.7015289!4d-95.6545972!16s%2Fg%2F11f3mbvb9j",79,90,102,29.7014137,-95.6546244,"29.7014137, -95.6546244",
USA,Houston,Powertools,"Powertools, Houston, USA","https://www.google.com/maps/place/709+Franklin+St,+Houston,+TX+77002,+USA/@29.764455,-95.3621643,19z/data=!4m6!3m5!1s0x8640bf2e2ccc35bd:0x4ba5b42e9344dcd0!8m2!3d29.7644561!4d-95.3621633!16s%2Fg%2F11b8vd8jx_",75,85,97,29.764455,-95.3621643,"29.764455, -95.3621643",
England,London,Boston Arms,"Boston Arms, London, England","https://www.google.com/maps/place/Boston+Arms,+178+Junction+Rd,+London+N19+5QQ,+United+Kingdom/@51.5570758,-0.1384635,20z/data=!4m6!3m5!1s0x48761baa61d60869:0x6c897bd72876ff27!8m2!3d51.5570868!4d-0.138468!16s%2Fg%2F12214dplk",96,107,118,51.5570758,-0.1384635,"51.5570758, -0.1384635",
England,London,Brixton Academy,"Brixton Academy, London, England","https://www.google.com/maps/place/O2+Academy+Brixton,+211+Stockwell+Rd,+London+SW9+9SL,+United+Kingdom/@51.4656331,-0.1149457,19z/data=!4m6!3m5!1s0x487604670f2a552f:0xf4e12a721c7cd189!8m2!3d51.4656337!4d-0.1149728!16zL20vMDM2Nmdi",104,115,126,51.4656331,-0.1149457,"51.4656331, -0.1149457",
England,London,Forum,"Forum, London, England","https://www.google.com/maps/place/O2+Forum+Kentish+Town,+9-17+Highgate+Rd,+London+NW5+1JY,+United+Kingdom/@51.5521681,-0.1421312,18z/data=!4m9!1m2!2m1!1sForum,+London,+England!3m5!1s0x48761afe06768a01:0x745ba0878c0275ce!8m2!3d51.552197!4d-0.141969!16zL20vMDVxNnNs",107,118,129,51.5521681,-0.1421312,"51.5521681, -0.1421312",
England,London,Kilburn National,"Kilburn National, London, England","https://www.google.com/maps/place/Kilburn+High+Rd,+London+NW6+4JP,+UK/@51.5425942,-0.1982905,18z/data=!4m6!3m5!1s0x48761071be577ee7:0xcd7bcd574e97b518!8m2!3d51.542525!4d-0.198272!16s%2Fg%2F11b8txlv6j",71,82,93,51.5425942,-0.1982905,"51.5425942, -0.1982905",
England,London,Rex,"Rex, London, England","https://www.google.com/maps/place/Argos+Stratford,+58+The+Broadway,+London+E15+1NG,+United+Kingdom/@51.5420297,0.0025363,19z/data=!4m6!3m5!1s0x47d8a7898eb4310d:0xa58615b49c6c4c39!8m2!3d51.5420602!4d0.0024779!16s%2Fg%2F1tqtx44d",100,111,121,51.5420297,0.0025363,"51.5420297, 0.0025363",
England,London,Sir George Robey,"Sir George Robey, London, England","https://www.google.com/maps/place/51%C2%B033'47.3%22N+0%C2%B006'26.2%22W/@51.5631429,-0.1072634,19z/data=!4m4!3m3!8m2!3d51.563147!4d-0.107264",74,85,96,51.5631429,-0.1072634,"51.5631429, -0.1072634",
Germany,Berlin,Ex,"Ex, Berlin, Germany","https://www.google.com/maps/place/Mehringhof,+Gneisenaustra%C3%9Fe+2A,+10961+Berlin,+Germany/@52.4924633,13.388464,20z/data=!4m6!3m5!1s0x47a85028f7195e29:0x1ff8f4ca42e584c0!8m2!3d52.4924837!4d13.3884264!16s%2Fg%2F123658b7",94,105,115,52.4924633,13.388464,"52.4924633, 13.388464",
Germany,Berlin,Menza,"Menza, Berlin, Germany","https://www.google.com/maps/place/Marchstra%C3%9Fe+23,+10587+Berlin,+Germany/@52.516557,13.3236036,19z/data=!4m6!3m5!1s0x47a8511b0709b905:0x5731d340466368bc!8m2!3d52.5165831!4d13.32359!16s%2Fg%2F11b6ydh41m",78,88,99,52.516557,13.3236036,"52.516557, 13.3236036",
Germany,Berlin,Neue Welt,"Neue Welt, Berlin, Germany","https://www.google.com/maps/search/Neue+Welt,+Berlin,+Germany/@52.4867934,13.4217799,19z",63,74,85,52.4867934,13.4217799,"52.4867934, 13.4217799",
Germany,Berlin,SO 36,"SO 36, Berlin, Germany","https://www.google.com/maps/place/SO36,+Oranienstra%C3%9Fe+190,+10999+Berlin,+Germany/@52.5003761,13.4221024,19z/data=!4m6!3m5!1s0x47a84e345f157c27:0x3e57a93e13cd2a78!8m2!3d52.5003921!4d13.4221018!16s%2Fm%2F04gvm7g",87,98,109,52.5003761,13.4221024,"52.5003761, 13.4221024",
Germany,Berlin,Tempodrome,"Tempodrome, Berlin, Germany","https://www.google.com/maps/place/Kongresshalle,+John-Foster-Dulles-Allee+10,+10557+Berlin,+Germany/@52.5185909,13.3649273,14z/data=!4m6!3m5!1s0x47a851bbbf269edb:0x18bee690d0a85795!8m2!3d52.5189052!4d13.3647888!16s%2Fg%2F121vf3j2",101,112,123,52.5185909,13.3649273,"52.5185909, 13.3649273",
Germany,Berlin,TU Mensa,"TU Mensa, Berlin, Germany","https://www.google.com/maps/place/Marchstra%C3%9Fe+23,+10587+Berlin,+Germany/@52.516557,13.3236036,19z/data=!4m6!3m5!1s0x47a8511b0709b905:0x5731d340466368bc!8m2!3d52.5165831!4d13.32359!16s%2Fg%2F11b6ydh41m",78,88,99,52.516557,13.3236036,"52.516557, 13.3236036",
USA,Chicago,Aragon Ballroom,"Aragon Ballroom, Chicago, USA","https://www.google.com/maps/place/Byline+Bank+Aragon+Ballroom/@41.9693677,-87.6581433,19.82z/data=!4m5!3m4!1s0x880fd3d34ae18de9:0x30c89f9ebb8eb5fc!8m2!3d41.9693569!4d-87.6578703",63,74,86,41.9693677,-87.6581433,"41.9693677, -87.6581433",
USA,Chicago,Club Dreamerz,"Club Dreamerz, Chicago, USA","https://www.google.com/maps/place/1516+N+Milwaukee+Ave,+Chicago,+IL+60622,+USA/@41.9089026,-87.6758186,20z/data=!4m5!3m4!1s0x880fd2c706c61b69:0x37b746c6af5384b5!8m2!3d41.9088946!4d-87.6756673",80,91,103,41.9089026,-87.6758186,"41.9089026, -87.6758186",
USA,Chicago,Congress Theater,"Congress Theater, Chicago, USA","https://www.google.com/maps/place/Congress+Theater/@41.9201213,-87.6928397,19.6z/data=!4m5!3m4!1s0x880fd29935bb5771:0x8e217851c5f5f1ef!8m2!3d41.920122!4d-87.6925679",52,63,75,41.9201213,-87.6928397,"41.9201213, -87.6928397",
USA,Chicago,Medusa,"Medusa, Chicago, USA","https://www.google.com/maps/place/Medusa/@42.0371475,-88.2821695,20.39z/data=!4m5!3m4!1s0x0:0x4c20cdd350d9b301!8m2!3d42.0371397!4d-88.2820149",42,53,65,42.0371475,-88.2821695,"42.0371475, -88.2821695",
USA,Chicago,Rainbo Roller Rink,"Rainbo Roller Rink, Chicago, USA","https://www.google.com/maps/place/4812+N+Clark+St,+Chicago,+IL+60640,+USA/@41.9694975,-87.6679674,20.3z/data=!4m5!3m4!1s0x880fd22f5eda2751:0xa068ee6935437496!8m2!3d41.969494!4d-87.6677976",75,86,98,41.9694975,-87.6679674,"41.9694975, -87.6679674",
USA,Chicago,Vic Theater,"Vic Theater, Chicago, USA","https://www.google.com/maps/place/The+Vic+Theatre/@41.9395225,-87.6539408,21z/data=!4m5!3m4!1s0x880fd3abeecd6035:0x3be404a65ed3f128!8m2!3d41.939517!4d-87.6538329",51,62,74,41.9395225,-87.6539408,"41.9395225, -87.6539408",
USA,Columbia,Atholton High School Gym,"Atholton High School Gym, Columbia, USA","https://www.google.com/maps/place/Atholton+High+School/@39.1882852,-76.880577,20.12z/data=!4m5!3m4!1s0x89b7defb0aa07007:0x1ec6b27eb9cdd52f!8m2!3d39.1882749!4d-76.8804222",56,67,78,39.1882852,-76.880577,"39.1882852, -76.880577",
USA,Columbia,Blue Note,"Blue Note, Columbia, USA","https://www.google.com/maps/place/The+Blue+Note/@38.952167,-92.3277792,20.91z/data=!4m5!3m4!1s0x87dcb7c4902e997f:0x4b9c97ebebc91871!8m2!3d38.952167!4d-92.3276695",49,59,71,38.952167,-92.3277792,"38.952167, -92.3277792",
USA,Columbia,Clyde's,"Clyde's, Columbia, USA","https://www.google.com/maps/place/Clyde's+of+Columbia/@39.2155475,-76.8562828,20.12z/data=!4m5!3m4!1s0x89b7df9643f593eb:0x791c36a5de40699d!8m2!3d39.2155138!4d-76.8561678",55,66,78,39.2155475,-76.8562828,"39.2155475, -76.8562828",
USA,Columbia,Dance Graphics,"Dance Graphics, Columbia, USA",,,,,,,,
USA,Columbia,National Guard Armory,"National Guard Armory, Columbia, USA","https://www.google.com/maps/place/South+Carolina+National+Guard+Armory/@33.968987,-81.0165886,17.26z/data=!4m13!1m7!3m6!1s0x88f8baf1d9112c1b:0x8c321ce4a801b638!2s1225+Bluff+Rd,+Columbia,+SC+29201,+USA!3b1!8m2!3d33.9690311!4d-81.0165868!3m4!1s0x88f8baefda3df1e5:0xbc97c7ce680aa2c5!8m2!3d33.9689129!4d-81.0172103",72,82,94,33.968987,-81.0165886,"33.968987, -81.0165886",
USA,Columbia,Rockefella's,"Rockefella's, Columbia, USA","https://www.google.com/maps/place/2112+Devine+St,+Columbia,+SC+29205,+USA/@33.9987188,-81.0150105,17z/data=!3m1!4b1!4m5!3m4!1s0x88f8bacc76bfa853:0xe3078018c42f3f82!8m2!3d33.9987188!4d-81.0150105",75,86,98,33.9987188,-81.0150105,"33.9987188, -81.0150105",
USA,Richmond,Floodzone,"Floodzone, Richmond, USA","https://www.google.com/maps/place/Cooper+Lofts/@37.5324794,-77.427968,21z/data=!4m5!3m4!1s0x89b1111e8539ff9d:0xf05ddf113e236fc!8m2!3d37.5324648!4d-77.4279049",48,59,70,37.5324794,-77.427968,"37.5324794, -77.427968",
USA,Richmond,Metro,"Metro, Richmond, USA","https://www.google.com/maps/place/727+W+Broad+St,+Richmond,+VA+23220,+USA/@37.5496167,-77.4493199,20.91z/data=!4m5!3m4!1s0x89b11147dbb4f767:0x58c7b597eb9d8ccd!8m2!3d37.54961!4d-77.4492115",75,86,98,37.5496167,-77.4493199,"37.5496167, -77.4493199",
USA,Richmond,New Horizons,"New Horizons, Richmond, USA","https://www.google.com/maps/place/ChargePoint+Charging+Station/@37.5512966,-77.4519549,19.12z/data=!4m13!1m7!3m6!1s0x89b111468e6c56cd:0x93523ebca4c9ea3c!2sVCU,+Richmond,+VA,+USA!3b1!8m2!3d37.54635!4d-77.4515525!3m4!1s0x89b11148b760f605:0x5437c5a847632e1!8m2!3d37.5515395!4d-77.4521814",64,75,87,37.5512966,-77.4519549,"37.5512966, -77.4519549",
USA,Richmond,Twisters,"Twisters, Richmond, USA","https://www.google.com/maps/place/929+W+Grace+St,+Richmond,+VA+23220,+USA/@37.5506178,-77.4533776,18.56z/data=!4m5!3m4!1s0x89b11148aae8220f:0x735db3d5e0ac28af!8m2!3d37.5505801!4d-77.4528965",75,86,98,37.5506178,-77.4533776,"37.5506178, -77.4533776",
USA,Richmond,University of Richmond Greek Amphitheater,"University of Richmond Greek Amphitheater, Richmond, USA","https://www.google.com/maps/place/Jenkins+Greek+Theater/@37.5768992,-77.5427741,18.91z/data=!4m5!3m4!1s0x0:0x70c15ee9d3f34373!8m2!3d37.5766255!4d-77.5425175",57,68,80,37.5768992,-77.5427741,"37.5768992, -77.5427741",
USA,Richmond,Virginia Commonwealth University Shafer Court,"Virginia Commonwealth University Shafer Court, Richmond, USA","https://www.google.com/maps/place/Shafer+Court+Dining+Center,+Richmond,+VA+23284,+USA/@37.5481983,-77.4526566,19.6z/data=!4m5!3m4!1s0x89b111467b1ac4bb:0xd36ecc0f0c6f015a!8m2!3d37.5481656!4d-77.4524182",87,98,110,37.5481983,-77.4526566,"37.5481983, -77.4526566",
England,Leeds,Duchess of York,"Duchess of York, Leeds, England","https://www.google.com/maps/place/71+Vicar+Ln,+Leeds+LS1+7JH,+UK/@53.7985279,-1.5401236,20z/data=!4m5!3m4!1s0x48795c1a168769a3:0x8caf1d2f8f980c8!8m2!3d53.7985282!4d-1.540116",66,77,88,53.7985279,-1.5401236,"53.7985279, -1.5401236",
England,Leeds,Irish Centre,"Irish Centre, Leeds, England","https://www.google.com/maps/place/The+Leeds+Irish+Centre,+York+Rd,+Leeds+LS9+9NT,+United+Kingdom/@53.7972789,-1.5157354,17z/data=!4m6!3m5!1s0x48795c6925dc9559:0x9ce4433b1c0973cd!8m2!3d53.7972789!4d-1.5157354!16s%2Fg%2F1tj32n1b",98,109,120,53.7972789,-1.5157354,"53.7972789, -1.5157354",
England,Leeds,Leeds Polytechnic,"Leeds Polytechnic, Leeds, England","https://www.google.com/maps/place/Leeds+Beckett+Students'+Union,+Portland+Building,+Portland+Way,+Leeds+LS1+3HE,+United+Kingdom/@53.8039545,-1.5479604,17z/data=!4m14!1m7!3m6!1s0x48795c02da8a25af:0xc438aa25a6e7295a!2sLeeds+Beckett+University,+Leeds+LS1+3HE,+United+Kingdom!8m2!3d53.8035274!4d-1.5480355!16zL20vMDM0NGps!3m5!1s0x48795c02da8a49d7:0x3834c0c1e17f0c71!8m2!3d53.8039318!4d-1.5479312!16s%2Fg%2F11c702kmds",129,140,151,53.8039545,-1.5479604,"53.8039545, -1.5479604",
England,Leeds,Metro University,"Metro University, Leeds, England","https://www.google.com/maps/place/Leeds+Beckett+Students'+Union,+Portland+Building,+Portland+Way,+Leeds+LS1+3HE,+United+Kingdom/@53.8039545,-1.5479604,17z/data=!4m14!1m7!3m6!1s0x48795c02da8a25af:0xc438aa25a6e7295a!2sLeeds+Beckett+University,+Leeds+LS1+3HE,+United+Kingdom!8m2!3d53.8035274!4d-1.5480355!16zL20vMDM0NGps!3m5!1s0x48795c02da8a49d7:0x3834c0c1e17f0c71!8m2!3d53.8039318!4d-1.5479312!16s%2Fg%2F11c702kmds",129,140,151,53.8039545,-1.5479604,"53.8039545, -1.5479604",
England,Leeds,Metropolitan University,"Metropolitan University, Leeds, England","https://www.google.com/maps/place/Leeds+Beckett+Students'+Union,+Portland+Building,+Portland+Way,+Leeds+LS1+3HE,+United+Kingdom/@53.8039545,-1.5479604,17z/data=!4m14!1m7!3m6!1s0x48795c02da8a25af:0xc438aa25a6e7295a!2sLeeds+Beckett+University,+Leeds+LS1+3HE,+United+Kingdom!8m2!3d53.8035274!4d-1.5480355!16zL20vMDM0NGps!3m5!1s0x48795c02da8a49d7:0x3834c0c1e17f0c71!8m2!3d53.8039318!4d-1.5479312!16s%2Fg%2F11c702kmds",129,140,151,53.8039545,-1.5479604,"53.8039545, -1.5479604",
England,Manchester,Academy,"Academy, Manchester, England",,,,,,,,
England,Manchester,Boardwalk,"Boardwalk, Manchester, England",,,,,,,,
England,Manchester,Irish Centre Ardri Hall,"Irish Centre Ardri Hall, Manchester, England",,,,,,,,
England,Manchester,Manchester University,"Manchester University, Manchester, England",,,,,,,,
England,Manchester,University Student Union,"University Student Union, Manchester, England",,,,,,,,
England,Nottingham,Marcus Garvey Centre,"Marcus Garvey Centre, Nottingham, England",,,,,,,,
England,Nottingham,Nottingham Polytechnic,"Nottingham Polytechnic, Nottingham, England",,,,,,,,
England,Nottingham,Rock City,"Rock City, Nottingham, England",,,,,,,,
England,Nottingham,Trent University,"Trent University, Nottingham, England",,,,,,,,
England,Nottingham,Underground Hic,"Underground Hic, Nottingham, England",,,,,,,,
Ireland,Dublin,McGonagles,"McGonagles, Dublin, Ireland",,,,,,,,
Ireland,Dublin,Ormond Center,"Ormond Center, Dublin, Ireland",,,,,,,,
Ireland,Dublin,Red Box,"Red Box, Dublin, Ireland",,,,,,,,
Ireland,Dublin,SFX,"SFX, Dublin, Ireland",,,,,,,,
Ireland,Dublin,Temple Bar Music Center,"Temple Bar Music Center, Dublin, Ireland",,,,,,,,
USA,Dallas,2301 Canton Warehouse,"2301 Canton Warehouse, Dallas, USA",,,,,,,,
USA,Dallas,Bomb Factory,"Bomb Factory, Dallas, USA",,,,,,,,
USA,Dallas,Deep Ellum Live,"Deep Ellum Live, Dallas, USA",,,,,,,,
USA,Dallas,Galaxy,"Galaxy, Dallas, USA",,,,,,,,
USA,Dallas,Honest Place,"Honest Place, Dallas, USA",,,,,,,,
USA,Green Bay,Howard Haus,"Howard Haus, Green Bay, USA",,,,,,,,
USA,Green Bay,Kutska Hall,"Kutska Hall, Green Bay, USA",,,,,,,,
USA,Green Bay,Orpheum Theater,"Orpheum Theater, Green Bay, USA",,,,,,,,
USA,Green Bay,Riverside Ballroom,"Riverside Ballroom, Green Bay, USA",,,,,,,,
USA,Green Bay,Wherehouse,"Wherehouse, Green Bay, USA",,,,,,,,
USA,Louisville,Brewery,"Brewery, Louisville, USA",,,,,,,,
USA,Louisville,Highland Hall,"Highland Hall, Louisville, USA",,,,,,,,
USA,Louisville,Kentucky Theater,"Kentucky Theater, Louisville, USA",,,,,,,,
USA,Louisville,Spectrum Cultural Center,"Spectrum Cultural Center, Louisville, USA",,,,,,,,
USA,Louisville,Tewligans,"Tewligans, Louisville, USA",,,,,,,,
USA,Phoenix,Celebrity Theater,"Celebrity Theater, Phoenix, USA",,,,,,,,
USA,Phoenix,Party Gardens,"Party Gardens, Phoenix, USA",,,,,,,,
USA,Phoenix,Silver Dollar,"Silver Dollar, Phoenix, USA",,,,,,,,
USA,Phoenix,Time Out of Mind,"Time Out of Mind, Phoenix, USA",,,,,,,,
USA,Phoenix,U.A. Local Pipefitter's Hall,"U.A. Local Pipefitter's Hall, Phoenix, USA",,,,,,,,
USA,Providence,Church House Inn,"Church House Inn, Providence, USA",,,,,,,,
USA,Providence,Living Room,"Living Room, Providence, USA",,,,,,,,
USA,Providence,Lupo's Heartbreak Hotel,"Lupo's Heartbreak Hotel, Providence, USA",,,,,,,,
USA,Providence,Rhode Island School of Design,"Rhode Island School of Design, Providence, USA",,,,,,,,
USA,Providence,Rocket,"Rocket, Providence, USA",,,,,,,,
USA,Seattle,DV8,"DV8, Seattle, USA",,,,,,,,
USA,Seattle,Lake City Concert Hall,"Lake City Concert Hall, Seattle, USA",,,,,,,,
USA,Seattle,Oz,"Oz, Seattle, USA",,,,,,,,
USA,Seattle,OZ,"OZ, Seattle, USA",,,,,,,,
USA,Seattle,Washington Performance Hall,"Washington Performance Hall, Seattle, USA",,,,,,,,
Yugoslavia,Ljubljana,Menza N,"Menza N, Ljubljana, Yugoslavia",,,,,,,,
Yugoslavia,Ljubljana,Metelkova,"Metelkova, Ljubljana, Yugoslavia",,,,,,,,
Yugoslavia,Ljubljana,Sports Hall,"Sports Hall, Ljubljana, Yugoslavia",,,,,,,,
Yugoslavia,Ljubljana,University Student Bar,"University Student Bar, Ljubljana, Yugoslavia",,,,,,,,
Yugoslavia,Ljubljana,University Student Center,"University Student Center, Ljubljana, Yugoslavia",,,,,,,,
Australia,Melbourne,Collingwood Town Hall,"Collingwood Town Hall, Melbourne, Australia",,,,,,,,
Australia,Melbourne,Lava Lounge,"Lava Lounge, Melbourne, Australia",,,,,,,,
Australia,Melbourne,Melbourne Uni,"Melbourne Uni, Melbourne, Australia",,,,,,,,
Australia,Melbourne,Wall St.,"Wall St., Melbourne, Australia",,,,,,,,
Canada,Toronto,Opera House,"Opera House, Toronto, Canada",,,,,,,,
Canada,Toronto,Phoenix Theater,"Phoenix Theater, Toronto, Canada",,,,,,,,
Canada,Toronto,Rivoli Theater,"Rivoli Theater, Toronto, Canada",,,,,,,,
Canada,Toronto,RPM Warehouse,"RPM Warehouse, Toronto, Canada",,,,,,,,
England,Belfast,Arts Centre,"Arts Centre, Belfast, England",,,,,,,,
England,Belfast,Belfast Art College,"Belfast Art College, Belfast, England",,,,,,,,
England,Belfast,Queen's Hall,"Queen's Hall, Belfast, England",,,,,,,,
England,Belfast,Queen's University Mandela Hall,"Queen's University Mandela Hall, Belfast, England",,,,,,,,
England,Brighton,Brighton Center,"Brighton Center, Brighton, England",,,,,,,,
England,Brighton,Corn Exchange,"Corn Exchange, Brighton, England",,,,,,,,
England,Brighton,Sussex University Nelson Mandela Hall,"Sussex University Nelson Mandela Hall, Brighton, England",,,,,,,,
England,Brighton,Zap Club,"Zap Club, Brighton, England",,,,,,,,
Italy,Torino,El Paso,"El Paso, Torino, Italy",,,,,,,,
Italy,Torino,Hiroshima,"Hiroshima, Torino, Italy",,,,,,,,
Italy,Torino,Murazzi,"Murazzi, Torino, Italy",,,,,,,,
Italy,Torino,Parco Ex Ospedale Psichiatrico,"Parco Ex Ospedale Psichiatrico, Torino, Italy",,,,,,,,
Netherlands,Amsterdam,Melkweg,"Melkweg, Amsterdam, Netherlands",,,,,,,,
Netherlands,Amsterdam,Paradiso,"Paradiso, Amsterdam, Netherlands",,,,,,,,
Netherlands,Amsterdam,Van Hall,"Van Hall, Amsterdam, Netherlands",,,,,,,,
Netherlands,Amsterdam,Vranckrijk,"Vranckrijk, Amsterdam, Netherlands",,,,,,,,
USA,Baltimore,Steelworkers Hall,"Steelworkers Hall, Baltimore, USA",,,,,,,,
USA,Baltimore,Studio 10,"Studio 10, Baltimore, USA",,,,,,,,
USA,Baltimore,Teamsters Hall,"Teamsters Hall, Baltimore, USA",,,,,,,,
USA,Baltimore,University of Maryland Baltimore,"University of Maryland Baltimore, Baltimore, USA",,,,,,,,
USA,Burlington,242 Main,"242 Main, Burlington, USA",,,,,,,,
USA,Burlington,Cook Commons,"Cook Commons, Burlington, USA",,,,,,,,
USA,Burlington,Memorial Hall,"Memorial Hall, Burlington, USA",,,,,,,,
USA,Burlington,The Border,"The Border, Burlington, USA",,,,,,,,
USA,Cleveland,Agora Theater,"Agora Theater, Cleveland, USA",,,,,,,,
USA,Cleveland,Flash's,"Flash's, Cleveland, USA",,,,,,,,
USA,Cleveland,Nautica Stage,"Nautica Stage, Cleveland, USA",,,,,,,,
USA,Cleveland,Phantasy Nightclub,"Phantasy Nightclub, Cleveland, USA",,,,,,,,
USA,Denver,Atzlan Theater,"Atzlan Theater, Denver, USA",,,,,,,,
USA,Denver,Gothic Theater,"Gothic Theater, Denver, USA",,,,,,,,
USA,Denver,Mammoth Events Center,"Mammoth Events Center, Denver, USA",,,,,,,,
USA,Denver,Ogden Theater,"Ogden Theater, Denver, USA",,,,,,,,
USA,Gainesville,American Legion Hall,"American Legion Hall, Gainesville, USA",,,,,,,,
USA,Gainesville,Brick City,"Brick City, Gainesville, USA",,,,,,,,
USA,Gainesville,Club Demolition,"Club Demolition, Gainesville, USA",,,,,,,,
USA,Gainesville,Florida Theater,"Florida Theater, Gainesville, USA",,,,,,,,
USA,Indianapolis,City Lights,"City Lights, Indianapolis, USA",,,,,,,,
USA,Indianapolis,Eastwood Entertainment Center,"Eastwood Entertainment Center, Indianapolis, USA",,,,,,,,
USA,Indianapolis,Knights of Columbus Hall,"Knights of Columbus Hall, Indianapolis, USA",,,,,,,,
USA,Indianapolis,Ritz Music Hall,"Ritz Music Hall, Indianapolis, USA",,,,,,,,
USA,Los Angeles,Anti-Club,"Anti-Club, Los Angeles, USA",,,,,,,,
USA,Los Angeles,Hollywood Palladium,"Hollywood Palladium, Los Angeles, USA",,,,,,,,
USA,Los Angeles,Palace,"Palace, Los Angeles, USA",,,,,,,,
USA,Los Angeles,Shrine Auditorium,"Shrine Auditorium, Los Angeles, USA",,,,,,,,
USA,Milwaukee,Central Park,"Central Park, Milwaukee, USA",,,,,,,,
USA,Milwaukee,Crystal Palace,"Crystal Palace, Milwaukee, USA",,,,,,,,
USA,Milwaukee,Eagle's Ballroom,"Eagle's Ballroom, Milwaukee, USA",,,,,,,,
USA,Milwaukee,Rave,"Rave, Milwaukee, USA",,,,,,,,
USA,Olympia,Capitol Theater,"Capitol Theater, Olympia, USA",,,,,,,,
USA,Olympia,Chambers Grange Hall,"Chambers Grange Hall, Olympia, USA",,,,,,,,
USA,Olympia,Evergreen University,"Evergreen University, Olympia, USA",,,,,,,,
USA,Olympia,Rignall Hall,"Rignall Hall, Olympia, USA",,,,,,,,
USA,Philadelphia,Drexel University,"Drexel University, Philadelphia, USA",,,,,,,,
USA,Philadelphia,Electric Factory,"Electric Factory, Philadelphia, USA",,,,,,,,
USA,Philadelphia,Trocadero,"Trocadero, Philadelphia, USA",,,,,,,,
USA,Philadelphia,YMCA,"YMCA, Philadelphia, USA",,,,,,,,
USA,Pittsburgh,Carnegie Mellon University,"Carnegie Mellon University, Pittsburgh, USA",,,,,,,,
USA,Pittsburgh,Metropol,"Metropol, Pittsburgh, USA",,,,,,,,
USA,Pittsburgh,Sonic Temple,"Sonic Temple, Pittsburgh, USA",,,,,,,,
USA,Pittsburgh,Upstage Lounge,"Upstage Lounge, Pittsburgh, USA",,,,,,,,
USA,Salt Lake City,Bricks,"Bricks, Salt Lake City, USA",,,,,,,,
USA,Salt Lake City,Fairgrounds Coliseum,"Fairgrounds Coliseum, Salt Lake City, USA",,,,,,,,
USA,Salt Lake City,Speedway,"Speedway, Salt Lake City, USA",,,,,,,,
USA,Salt Lake City,Utah State Fairpark Coliseum,"Utah State Fairpark Coliseum, Salt Lake City, USA",,,,,,,,
USA,Savannah,Knights of Columbus Hall,"Knights of Columbus Hall, Savannah, USA",,,,,,,,
USA,Savannah,River Rock,"River Rock, Savannah, USA",,,,,,,,
USA,Savannah,Sun,"Sun, Savannah, USA",,,,,,,,
USA,Savannah,Zoo,"Zoo, Savannah, USA",,,,,,,,
USA,Tucson,Coyote's,"Coyote's, Tucson, USA",,,,,,,,
USA,Tucson,Dodiak Gallery,"Dodiak Gallery, Tucson, USA",,,,,,,,
USA,Tucson,Park Place BBQ,"Park Place BBQ, Tucson, USA",,,,,,,,
USA,Tucson,Rialto Theater,"Rialto Theater, Tucson, USA",,,,,,,,
Australia,Adelaide,Adelaide University,"Adelaide University, Adelaide, Australia",,,,,,,,
Australia,Adelaide,Dom Polski Hall,"Dom Polski Hall, Adelaide, Australia",,,,,,,,
Australia,Adelaide,Le Rox Hotel,"Le Rox Hotel, Adelaide, Australia",,,,,,,,
Australia,Brisbane,Boulder Gallery,"Boulder Gallery, Brisbane, Australia",,,,,,,,
Australia,Brisbane,Funkyard,"Funkyard, Brisbane, Australia",,,,,,,,
Australia,Brisbane,Roxy,"Roxy, Brisbane, Australia",,,,,,,,
Australia,Canberra,A.N.U. Bar,"A.N.U. Bar, Canberra, Australia",,,,,,,,
Australia,Canberra,Anu Bar,"Anu Bar, Canberra, Australia",,,,,,,,
Australia,Canberra,Youth Cafe,"Youth Cafe, Canberra, Australia",,,,,,,,
Canada,Montreal,Metropolis,"Metropolis, Montreal, Canada",,,,,,,,
Canada,Montreal,Rialto Theatre,"Rialto Theatre, Montreal, Canada",,,,,,,,
Canada,Montreal,Spectrum,"Spectrum, Montreal, Canada",,,,,,,,
England,Birmingham,Edward's #8,"Edward's #8, Birmingham, England",,,,,,,,
England,Birmingham,Goldwyns,"Goldwyns, Birmingham, England",,,,,,,,
England,Birmingham,Sanctuary,"Sanctuary, Birmingham, England",,,,,,,,
England,Bristol,Academy,"Academy, Bristol, England",,,,,,,,
England,Bristol,Bierkellar,"Bierkellar, Bristol, England",,,,,,,,
England,Bristol,Bierkeller,"Bierkeller, Bristol, England",,,,,,,,
England,Liverpool,Bluecoat Chamber,"Bluecoat Chamber, Liverpool, England",,,,,,,,
England,Liverpool,Liverpool Polytechnic Canteen,"Liverpool Polytechnic Canteen, Liverpool, England",,,,,,,,
England,Liverpool,Planet X,"Planet X, Liverpool, England",,,,,,,,
France,Paris,Club Gibus,"Club Gibus, Paris, France",,,,,,,,
France,Paris,Elysee Montmartre,"Elysee Montmartre, Paris, France",,,,,,,,
France,Paris,Le Cafe De la Danse,"Le Cafe De la Danse, Paris, France",,,,,,,,
Germany,Bielefeld,AJZ,"AJZ, Bielefeld, Germany",,,,,,,,
Germany,Bielefeld,JZ Kamp,"JZ Kamp, Bielefeld, Germany",,,,,,,,
Germany,Bielefeld,PC 69,"PC 69, Bielefeld, Germany",,,,,,,,
Germany,Hamburg,Fabrik,"Fabrik, Hamburg, Germany",,,,,,,,
Germany,Hamburg,Hafenstrasse,"Hafenstrasse, Hamburg, Germany",,,,,,,,
Germany,Hamburg,Markthalle,"Markthalle, Hamburg, Germany",,,,,,,,
Germany,Munich,Backstage,"Backstage, Munich, Germany",,,,,,,,
Germany,Munich,Nachtwerk,"Nachtwerk, Munich, Germany",,,,,,,,
Germany,Munich,Theaterfabrik,"Theaterfabrik, Munich, Germany",,,,,,,,
Japan,Tokyo,Anti Knock,"Anti Knock, Tokyo, Japan",,,,,,,,
Japan,Tokyo,Club Quattro,"Club Quattro, Tokyo, Japan",,,,,,,,
Japan,Tokyo,Guilty,"Guilty, Tokyo, Japan",,,,,,,,
Norway,Oslo,Blitz,"Blitz, Oslo, Norway",,,,,,,,
Norway,Oslo,Rockefeller Music Hall,"Rockefeller Music Hall, Oslo, Norway",,,,,,,,
Norway,Oslo,Sentrum Scene,"Sentrum Scene, Oslo, Norway",,,,,,,,
Scotland,Glasgow,Barrowland Ballroom,"Barrowland Ballroom, Glasgow, Scotland",,,,,,,,
Scotland,Glasgow,Glasgow School of Art,"Glasgow School of Art, Glasgow, Scotland",,,,,,,,
Scotland,Glasgow,Mayfair,"Mayfair, Glasgow, Scotland",,,,,,,,
Spain,Barcelona,KGB,"KGB, Barcelona, Spain",,,,,,,,
Spain,Barcelona,Zeleste,"Zeleste, Barcelona, Spain",,,,,,,,
Spain,Barcelona,Zeleste 2,"Zeleste 2, Barcelona, Spain",,,,,,,,
USA,Atlanta,Excelsior Mill,"Excelsior Mill, Atlanta, USA",,,,,,,,
USA,Atlanta,First Existentialist Church,"First Existentialist Church, Atlanta, USA",,,,,,,,
USA,Atlanta,Masquerade,"Masquerade, Atlanta, USA",,,,,,,,
USA,Boston,Channel,"Channel, Boston, USA",,,,,,,,
USA,Boston,Green Street Station,"Green Street Station, Boston, USA",,,,,,,,
USA,Boston,Mass Art Gymnasium,"Mass Art Gymnasium, Boston, USA",,,,,,,,
USA,Charlotte,Milestone,"Milestone, Charlotte, USA",,,,,,,,
USA,Charlotte,Thirteen Thirteen,"Thirteen Thirteen, Charlotte, USA",,,,,,,,
USA,Charlotte,Tremont Music Hall,"Tremont Music Hall, Charlotte, USA",,,,,,,,
USA,Dayton,1470 West,"1470 West, Dayton, USA",,,,,,,,
USA,Dayton,Dayton Fest / Brookwood Island,"Dayton Fest / Brookwood Island, Dayton, USA",,,,,,,,
USA,Dayton,Electrician's Hall,"Electrician's Hall, Dayton, USA",,,,,,,,
USA,Detroit,Majestic Theater,"Majestic Theater, Detroit, USA",,,,,,,,
USA,Detroit,St. Dominick's Church,"St. Dominick's Church, Detroit, USA",,,,,,,,
USA,Detroit,State Theater,"State Theater, Detroit, USA",,,,,,,,
USA,El Paso,Club 101,"Club 101, El Paso, USA",,,,,,,,
USA,El Paso,E9,"E9, El Paso, USA",,,,,,,,
USA,El Paso,Metropolis,"Metropolis, El Paso, USA",,,,,,,,
USA,Greensboro,Miracle House,"Miracle House, Greensboro, USA",,,,,,,,
USA,Greensboro,"Sternberger Hall, Guilford College","Sternberger Hall, Guilford College, Greensboro, USA",,,,,,,,
USA,Greensboro,Trim Shop,"Trim Shop, Greensboro, USA",,,,,,,,
USA,Honolulu,After Dark,"After Dark, Honolulu, USA",,,,,,,,
USA,Honolulu,Groove,"Groove, Honolulu, USA",,,,,,,,
USA,Honolulu,University of Hawaii,"University of Hawaii, Honolulu, USA",,,,,,,,
USA,Knoxville,Backstage at the Library,"Backstage at the Library, Knoxville, USA",,,,,,,,
USA,Knoxville,Electric Ballroom,"Electric Ballroom, Knoxville, USA",,,,,,,,
USA,Knoxville,Flamingo,"Flamingo, Knoxville, USA",,,,,,,,
USA,Lincoln,Centennial Hall,"Centennial Hall, Lincoln, USA",,,,,,,,
USA,Lincoln,State Fairgrounds Agricultural Hall,"State Fairgrounds Agricultural Hall, Lincoln, USA",,,,,,,,
USA,Lincoln,University of Nebraska Centennial Hall,"University of Nebraska Centennial Hall, Lincoln, USA",,,,,,,,
USA,Little Rock,Mandrake's,"Mandrake's, Little Rock, USA",,,,,,,,
USA,Little Rock,Rivermarket Pavillion,"Rivermarket Pavillion, Little Rock, USA",,,,,,,,
USA,Little Rock,Vino's,"Vino's, Little Rock, USA",,,,,,,,
USA,Memphis,Antennae Club,"Antennae Club, Memphis, USA",,,,,,,,
USA,Memphis,New Daisy Theater,"New Daisy Theater, Memphis, USA",,,,,,,,
USA,Memphis,Omni New Daisy,"Omni New Daisy, Memphis, USA",,,,,,,,
USA,Minneapolis,7th Street Entry,"7th Street Entry, Minneapolis, USA",,,,,,,,
USA,Minneapolis,Avalon Theater,"Avalon Theater, Minneapolis, USA",,,,,,,,
USA,Minneapolis,First Avenue,"First Avenue, Minneapolis, USA",,,,,,,,
USA,Morgantown,123 Pleasant St.,"123 Pleasant St., Morgantown, USA",,,,,,,,
USA,Morgantown,Dry House,"Dry House, Morgantown, USA",,,,,,,,
USA,Morgantown,Machine Shop,"Machine Shop, Morgantown, USA",,,,,,,,
USA,Nashville,328 Performance,"328 Performance, Nashville, USA",,,,,,,,
USA,Nashville,Cannery,"Cannery, Nashville, USA",,,,,,,,
USA,Nashville,Elliston Square,"Elliston Square, Nashville, USA",,,,,,,,
USA,New Orleans,New Orleans Music Hall,"New Orleans Music Hall, New Orleans, USA",,,,,,,,
USA,New Orleans,Storyville,"Storyville, New Orleans, USA",,,,,,,,
USA,New Orleans,Tipitina's,"Tipitina's, New Orleans, USA",,,,,,,,
USA,Omaha,Peony Park Royal Grove,"Peony Park Royal Grove, Omaha, USA",,,,,,,,
USA,Omaha,Radial Social Hall,"Radial Social Hall, Omaha, USA",,,,,,,,
USA,Omaha,Sokol Hall,"Sokol Hall, Omaha, USA",,,,,,,,
USA,Orlando,Beacham Theater,"Beacham Theater, Orlando, USA",,,,,,,,
USA,Orlando,Edge,"Edge, Orlando, USA",,,,,,,,
USA,Orlando,Firestone,"Firestone, Orlando, USA",,,,,,,,
USA,Poughkeepsie,Chance,"Chance, Poughkeepsie, USA",,,,,,,,
USA,Poughkeepsie,Vassar College,"Vassar College, Poughkeepsie, USA",,,,,,,,
USA,Poughkeepsie,Vassar College Walker Fieldhouse,"Vassar College Walker Fieldhouse, Poughkeepsie, USA",,,,,,,,
USA,Sacramento,Crest Theater,"Crest Theater, Sacramento, USA",,,,,,,,
USA,Sacramento,Grind,"Grind, Sacramento, USA",,,,,,,,
USA,Sacramento,One Edge Up,"One Edge Up, Sacramento, USA",,,,,,,,
USA,San Antonio,Cameo Theater,"Cameo Theater, San Antonio, USA",,,,,,,,
USA,San Antonio,Showcase Special Events,"Showcase Special Events, San Antonio, USA",,,,,,,,
USA,San Antonio,Sunset Saloon,"Sunset Saloon, San Antonio, USA",,,,,,,,
USA,St. Louis,Bernard's Pub,"Bernard's Pub, St. Louis, USA",,,,,,,,
USA,St. Louis,Galaxy,"Galaxy, St. Louis, USA",,,,,,,,
USA,St. Louis,Mississippi Nights,"Mississippi Nights, St. Louis, USA",,,,,,,,
USA,Virginia Beach,Atlantic Beach Club,"Atlantic Beach Club, Virginia Beach, USA",,,,,,,,
USA,Virginia Beach,Beach Theater,"Beach Theater, Virginia Beach, USA",,,,,,,,
USA,Virginia Beach,Peppermint Beach Club,"Peppermint Beach Club, Virginia Beach, USA",,,,,,,,
Australia,Geelong,Courthouse,"Courthouse, Geelong, Australia",,,,,,,,
Australia,Geelong,Ukranian Town Hall,"Ukranian Town Hall, Geelong, Australia",,,,,,,,
Australia,Hobart,Hellenic Hall,"Hellenic Hall, Hobart, Australia",,,,,,,,
Australia,Hobart,Sapphire Ballroom,"Sapphire Ballroom, Hobart, Australia",,,,,,,,
Australia,Lismore,Italo Club,"Italo Club, Lismore, Australia",,,,,,,,
Australia,Lismore,Lismore Uni,"Lismore Uni, Lismore, Australia",,,,,,,,
Australia,Manly,Manly High School,"Manly High School, Manly, Australia",,,,,,,,
Australia,Manly,Manly Youth Center,"Manly Youth Center, Manly, Australia",,,,,,,,
Australia,Newcastle,Cambridge Hotel,"Cambridge Hotel, Newcastle, Australia",,,,,,,,
Australia,Newcastle,Morrow Park Bowls Club,"Morrow Park Bowls Club, Newcastle, Australia",,,,,,,,
Australia,Perth,Club O,"Club O, Perth, Australia",,,,,,,,
Australia,Perth,Univ. of West Australia,"Univ. of West Australia, Perth, Australia",,,,,,,,
Austria,Vienna,Arena,"Arena, Vienna, Austria",,,,,,,,
Austria,Vienna,Flexx,"Flexx, Vienna, Austria",,,,,,,,
Belgium,Gent,Democrazy,"Democrazy, Gent, Belgium",,,,,,,,
Belgium,Gent,Zaal Vooruit,"Zaal Vooruit, Gent, Belgium",,,,,,,,
Brazil,Belo Horizonte,Belo Horizonte Independent Music Festival,"Belo Horizonte Independent Music Festival, Belo Horizonte, Brazil",,,,,,,,
Brazil,Belo Horizonte,Trash,"Trash, Belo Horizonte, Brazil",,,,,,,,
Brazil,Sao Paulo,Aeroanta,"Aeroanta, Sao Paulo, Brazil",,,,,,,,
Brazil,Sao Paulo,Brodway,"Brodway, Sao Paulo, Brazil",,,,,,,,
Canada,Guelph,Loft,"Loft, Guelph, Canada",,,,,,,,
Canada,Guelph,Peter Clark Hall University of Guelph,"Peter Clark Hall University of Guelph, Guelph, Canada",,,,,,,,
Canada,Ottawa,Barrymore's,"Barrymore's, Ottawa, Canada",,,,,,,,
Canada,Ottawa,Glebe Community Center,"Glebe Community Center, Ottawa, Canada",,,,,,,,
Canada,Quebec City,Centre De Losire,"Centre De Losire, Quebec City, Canada",,,,,,,,
Canada,Quebec City,Cepec Limouli,"Cepec Limouli, Quebec City, Canada",,,,,,,,
Canada,Regina,College West,"College West, Regina, Canada",,,,,,,,
Canada,Regina,University of Regina,"University of Regina, Regina, Canada",,,,,,,,
Canada,Vancouver,N. Van. Sports Arena Hockey Rink,"N. Van. Sports Arena Hockey Rink, Vancouver, Canada",,,,,,,,
Canada,Vancouver,Plaza of Nations,"Plaza of Nations, Vancouver, Canada",,,,,,,,
Canada,Winnipeg,Duncan Arena,"Duncan Arena, Winnipeg, Canada",,,,,,,,
Canada,Winnipeg,Le Rendez Vous,"Le Rendez Vous, Winnipeg, Canada",,,,,,,,
Czech Republic,Prague,Lucerna,"Lucerna, Prague, Czech Republic",,,,,,,,
Czech Republic,Prague,Roxy,"Roxy, Prague, Czech Republic",,,,,,,,
Denmark,Copenhagen,Loppen,"Loppen, Copenhagen, Denmark",,,,,,,,
Denmark,Copenhagen,Ungdomshuset,"Ungdomshuset, Copenhagen, Denmark",,,,,,,,
England,Canterbury,Arts College,"Arts College, Canterbury, England",,,,,,,,
England,Canterbury,Technical College,"Technical College, Canterbury, England",,,,,,,,
England,Exeter,Exeter University,"Exeter University, Exeter, England",,,,,,,,
England,Exeter,University Lemon Grove,"University Lemon Grove, Exeter, England",,,,,,,,
England,Portsmouth,Gayety Lounge,"Gayety Lounge, Portsmouth, England",,,,,,,,
England,Portsmouth,Portsmouth Polytechnic,"Portsmouth Polytechnic, Portsmouth, England",,,,,,,,
France,Bordeaux,Club Jimmy,"Club Jimmy, Bordeaux, France",,,,,,,,
France,Bordeaux,Theatre Barbey,"Theatre Barbey, Bordeaux, France",,,,,,,,
France,Marseille,Mirabeau,"Mirabeau, Marseille, France",,,,,,,,
France,Marseille,Theatre Du Moulin,"Theatre Du Moulin, Marseille, France",,,,,,,,
France,Poitiers,La Blaiserie,"La Blaiserie, Poitiers, France",,,,,,,,
France,Poitiers,Le Confort Moderne,"Le Confort Moderne, Poitiers, France",,,,,,,,
Germany,Dortmund,Music Circus,"Music Circus, Dortmund, Germany",,,,,,,,
Germany,Dortmund,Soundgarden,"Soundgarden, Dortmund, Germany",,,,,,,,
Germany,Hannover,Glocksee,"Glocksee, Hannover, Germany",,,,,,,,
Germany,Hannover,Korn,"Korn, Hannover, Germany",,,,,,,,
Germany,Mainz,Eltzerhof,"Eltzerhof, Mainz, Germany",,,,,,,,
Germany,Mainz,Kuze,"Kuze, Mainz, Germany",,,,,,,,
Germany,Nuremberg,Komm,"Komm, Nuremberg, Germany",,,,,,,,
Germany,Nuremberg,Z-Bau,"Z-Bau, Nuremberg, Germany",,,,,,,,
Germany,Stuttgart,Altes Feuerwehrhaus,"Altes Feuerwehrhaus, Stuttgart, Germany",,,,,,,,
Germany,Stuttgart,Hallschlag JZ,"Hallschlag JZ, Stuttgart, Germany",,,,,,,,
Germany,Ulm,Roxy,"Roxy, Ulm, Germany",,,,,,,,
Germany,Ulm,Stadthalle Langenau,"Stadthalle Langenau, Ulm, Germany",,,,,,,,
Hong Kong,Hong Kong,Kowloon Park,"Kowloon Park, Hong Kong, Hong Kong",,,,,,,,
Hong Kong,Hong Kong,South Island School Hall,"South Island School Hall, Hong Kong, Hong Kong",,,,,,,,
Italy,Bologna,Fabrikka,"Fabrikka, Bologna, Italy",,,,,,,,
Italy,Bologna,Kactus Radio Festival Castel Maggiore,"Kactus Radio Festival Castel Maggiore, Bologna, Italy",,,,,,,,
Italy,Milan,Cascina Monlue,"Cascina Monlue, Milan, Italy",,,,,,,,
Italy,Milan,Leoncavallo,"Leoncavallo, Milan, Italy",,,,,,,,
Italy,Pisa,Macchia Nera,"Macchia Nera, Pisa, Italy",,,,,,,,
Italy,Pisa,Social Center,"Social Center, Pisa, Italy",,,,,,,,
Italy,Udine,Ala Rock,"Ala Rock, Udine, Italy",,,,,,,,
Italy,Udine,Centro Sociale Autogestito,"Centro Sociale Autogestito, Udine, Italy",,,,,,,,
Japan,Sapporo,Bessie,"Bessie, Sapporo, Japan",,,,,,,,
Japan,Sapporo,Counteraction,"Counteraction, Sapporo, Japan",,,,,,,,
Netherlands,Eindhoven,Bunker,"Bunker, Eindhoven, Netherlands",,,,,,,,
Netherlands,Eindhoven,Effenaar,"Effenaar, Eindhoven, Netherlands",,,,,,,,
Netherlands,Rotterdam,Chill Up,"Chill Up, Rotterdam, Netherlands",,,,,,,,
Netherlands,Rotterdam,Nighttown,"Nighttown, Rotterdam, Netherlands",,,,,,,,
New Zealand,Dunedin,Room,"Room, Dunedin, New Zealand",,,,,,,,
New Zealand,Dunedin,Sammy's,"Sammy's, Dunedin, New Zealand",,,,,,,,
New Zealand,Wellington,Student Union,"Student Union, Wellington, New Zealand",,,,,,,,
New Zealand,Wellington,Victoria University,"Victoria University, Wellington, New Zealand",,,,,,,,
Norway,Trondheim,Uffa,"Uffa, Trondheim, Norway",,,,,,,,
Norway,Trondheim,UFFA,"UFFA, Trondheim, Norway",,,,,,,,
Scotland,Edinburgh,Calton Studios,"Calton Studios, Edinburgh, Scotland",,,,,,,,
Scotland,Edinburgh,Liquid Room,"Liquid Room, Edinburgh, Scotland",,,,,,,,
Singapore,Singapore,Bukit Batok Community Center,"Bukit Batok Community Center, Singapore, Singapore",,,,,,,,
Singapore,Singapore,Fire Club,"Fire Club, Singapore, Singapore",,,,,,,,
Switzerland,Zurich,Provitreff House,"Provitreff House, Zurich, Switzerland",,,,,,,,
Switzerland,Zurich,Rote Fabrik,"Rote Fabrik, Zurich, Switzerland",,,,,,,,
USA,Albuquerque,Five Points Hall,"Five Points Hall, Albuquerque, USA",,,,,,,,
USA,Albuquerque,Sunshine Music Hall,"Sunshine Music Hall, Albuquerque, USA",,,,,,,,
USA,Austin,Emo's,"Emo's, Austin, USA",,,,,,,,
USA,Austin,Liberty Lunch,"Liberty Lunch, Austin, USA",,,,,,,,
USA,Bakersfield,Juarez Hall,"Juarez Hall, Bakersfield, USA",,,,,,,,
USA,Bakersfield,Tejon Theater,"Tejon Theater, Bakersfield, USA",,,,,,,,
USA,Berkeley,Gilman Street,"Gilman Street, Berkeley, USA",,,,,,,,
USA,Berkeley,UC Berkeley Sproul Plaza,"UC Berkeley Sproul Plaza, Berkeley, USA",,,,,,,,
USA,Birmingham,Sloss Furnace,"Sloss Furnace, Birmingham, USA",,,,,,,,
USA,Birmingham,Tuxedo Junction,"Tuxedo Junction, Birmingham, USA",,,,,,,,
USA,Boise,Bogie's,"Bogie's, Boise, USA",,,,,,,,
USA,Boise,Boise State University Jordan Ballroom,"Boise State University Jordan Ballroom, Boise, USA",,,,,,,,
USA,Buffalo,Blind Mellons,"Blind Mellons, Buffalo, USA",,,,,,,,
USA,Buffalo,Buffalo State College,"Buffalo State College, Buffalo, USA",,,,,,,,
USA,Chico,Burro Room,"Burro Room, Chico, USA",,,,,,,,
USA,Chico,Cal State University Shurmer Gym,"Cal State University Shurmer Gym, Chico, USA",,,,,,,,
USA,Des Moines,Hairy Mary's,"Hairy Mary's, Des Moines, USA",,,,,,,,
USA,Des Moines,Safari Club,"Safari Club, Des Moines, USA",,,,,,,,
USA,Fargo,Elks Lodge,"Elks Lodge, Fargo, USA",,,,,,,,
USA,Fargo,Playmaker's Pavillion,"Playmaker's Pavillion, Fargo, USA",,,,,,,,
USA,Flint,Capitol Theater,"Capitol Theater, Flint, USA",,,,,,,,
USA,Flint,"Fallout Shelter, Capitol Theatre","Fallout Shelter, Capitol Theatre, Flint, USA",,,,,,,,
USA,Fort Lauderdale,Chili Pepper,"Chili Pepper, Fort Lauderdale, USA",,,,,,,,
USA,Fort Lauderdale,Edge,"Edge, Fort Lauderdale, USA",,,,,,,,
USA,Fort Worth,Axis,"Axis, Fort Worth, USA",,,,,,,,
USA,Fort Worth,Ridglea Theater,"Ridglea Theater, Fort Worth, USA",,,,,,,,
USA,Harrisonburg,James Madison U. Godwin Gym/MacRock,"James Madison U. Godwin Gym/MacRock, Harrisonburg, USA",,,,,,,,
USA,Harrisonburg,James Madison University,"James Madison University, Harrisonburg, USA",,,,,,,,
USA,Huntsville,Carriage House Inn,"Carriage House Inn, Huntsville, USA",,,,,,,,
USA,Huntsville,University of Alabama Spragins Hall Gym,"University of Alabama Spragins Hall Gym, Huntsville, USA",,,,,,,,
USA,Isla Vista,Anaconda,"Anaconda, Isla Vista, USA",,,,,,,,
USA,Isla Vista,UC Santa Barbara Pub,"UC Santa Barbara Pub, Isla Vista, USA",,,,,,,,
USA,Jacksonville,Club 5,"Club 5, Jacksonville, USA",,,,,,,,
USA,Jacksonville,Milk Bar,"Milk Bar, Jacksonville, USA",,,,,,,,
USA,Kalamazoo,Club Soda,"Club Soda, Kalamazoo, USA",,,,,,,,
USA,Kalamazoo,State Theater,"State Theater, Kalamazoo, USA",,,,,,,,
USA,Kansas City,El Torreon,"El Torreon, Kansas City, USA",,,,,,,,
USA,Kansas City,Memorial Hall,"Memorial Hall, Kansas City, USA",,,,,,,,
USA,Lafayette,Haricots BBQ,"Haricots BBQ, Lafayette, USA",,,,,,,,
USA,Lafayette,Heymann Performance Arts Center,"Heymann Performance Arts Center, Lafayette, USA",,,,,,,,
USA,Laramie,Cowboy Bar,"Cowboy Bar, Laramie, USA",,,,,,,,
USA,Laramie,University of Wyoming Ballroom,"University of Wyoming Ballroom, Laramie, USA",,,,,,,,
USA,Lawrence,Outhouse,"Outhouse, Lawrence, USA",,,,,,,,
USA,Lawrence,University of Kansas Ballroom,"University of Kansas Ballroom, Lawrence, USA",,,,,,,,
USA,Madison,Neighborhood House,"Neighborhood House, Madison, USA",,,,,,,,
USA,Madison,Turner Hall,"Turner Hall, Madison, USA",,,,,,,,
USA,Oklahoma City,Diamond Ballroom,"Diamond Ballroom, Oklahoma City, USA",,,,,,,,
USA,Oklahoma City,Will Rogers Hall,"Will Rogers Hall, Oklahoma City, USA",,,,,,,,
USA,Pomona,Elks Lodge,"Elks Lodge, Pomona, USA",,,,,,,,
USA,Pomona,Glasshouse,"Glasshouse, Pomona, USA",,,,,,,,
USA,Rochester,Backstreets,"Backstreets, Rochester, USA",,,,,,,,
USA,Rochester,Harro East Ballroom,"Harro East Ballroom, Rochester, USA",,,,,,,,
USA,San Diego,Soma,"Soma, San Diego, USA",,,,,,,,
USA,San Diego,SOMA,"SOMA, San Diego, USA",,,,,,,,
USA,Springfield,Chestnut Hall,"Chestnut Hall, Springfield, USA",,,,,,,,
USA,Springfield,McKensie Ballroom,"McKensie Ballroom, Springfield, USA",,,,,,,,
USA,Storrs,University of Connecticut,"University of Connecticut, Storrs, USA",,,,,,,,
USA,Storrs,University of Connecticut Fieldhouse,"University of Connecticut Fieldhouse, Storrs, USA",,,,,,,,
USA,Syracuse,Lost Horizon,"Lost Horizon, Syracuse, USA",,,,,,,,
USA,Syracuse,Syracuse University,"Syracuse University, Syracuse, USA",,,,,,,,
USA,Tampa,Masquerade,"Masquerade, Tampa, USA",,,,,,,,
USA,Tampa,Ritz,"Ritz, Tampa, USA",,,,,,,,
USA,Toledo,Masonic Auditorium,"Masonic Auditorium, Toledo, USA",,,,,,,,
USA,Toledo,Tam O'Shanter Ice Rink,"Tam O'Shanter Ice Rink, Toledo, USA",,,,,,,,
USA,Wilmington,Jacob's Run,"Jacob's Run, Wilmington, USA",,,,,,,,
USA,Wilmington,Mad Monk,"Mad Monk, Wilmington, USA",,,,,,,,
USA,Worcester,Heart of the Commonwealth Theater,"Heart of the Commonwealth Theater, Worcester, USA",,,,,,,,
USA,Worcester,WAG,"WAG, Worcester, USA",,,,,,,,
Argentina,Buenos Aires,Superclub,"Superclub, Buenos Aires, Argentina",,,,,,,,
Australia,Ballarat,Old YMCA,"Old YMCA, Ballarat, Australia",,,,,,,,
Australia,Byron Bay,Arts Factory,"Arts Factory, Byron Bay, Australia",,,,,,,,
Australia,Croydon (Australia),EV's,"EV's, Croydon (Australia), Australia",,,,,,,,
Australia,Darwin,Time Tavern,"Time Tavern, Darwin, Australia",,,,,,,,
Australia,Gold Coast,Playroom,"Playroom, Gold Coast, Australia",,,,,,,,
Australia,Launceston,Windmill Hill War Memorial,"Windmill Hill War Memorial, Launceston, Australia",,,,,,,,
Austria,Dornbirn,Stadt Halle,"Stadt Halle, Dornbirn, Austria",,,,,,,,
Austria,Hohenems,Transmitter Festival,"Transmitter Festival, Hohenems, Austria",,,,,,,,
Austria,Linz,Kapu,"Kapu, Linz, Austria",,,,,,,,
Austria,Wels,Schlachthof,"Schlachthof, Wels, Austria",,,,,,,,
Belgium,Aalst,Netwerk,"Netwerk, Aalst, Belgium",,,,,,,,
Belgium,Brussels,Ancienne Belgique,"Ancienne Belgique, Brussels, Belgium",,,,,,,,
Belgium,Geel,De Bogaerd,"De Bogaerd, Geel, Belgium",,,,,,,,
Belgium,Leuven,Lido,"Lido, Leuven, Belgium",,,,,,,,
Belgium,Tongeren,Concordia,"Concordia, Tongeren, Belgium",,,,,,,,
Brazil,Brasilia,Teatro Garagem Do Sesc,"Teatro Garagem Do Sesc, Brasilia, Brazil",,,,,,,,
Brazil,Campinas,A.S.S.A.M.P.I.,"A.S.S.A.M.P.I., Campinas, Brazil",,,,,,,,
Brazil,Curitiba,92 Graus,"92 Graus, Curitiba, Brazil",,,,,,,,
Brazil,Itaborai,Col. Leao XIII Hall,"Col. Leao XIII Hall, Itaborai, Brazil",,,,,,,,
Brazil,Joinville,Liga De Socierade,"Liga De Socierade, Joinville, Brazil",,,,,,,,
Brazil,Londrina,Kawale,"Kawale, Londrina, Brazil",,,,,,,,
Brazil,Piracicaba,Blue Galeria,"Blue Galeria, Piracicaba, Brazil",,,,,,,,
Brazil,Rio De Janeiro,Circo Voador,"Circo Voador, Rio De Janeiro, Brazil",,,,,,,,
Brazil,Santos,Bar De Tres,"Bar De Tres, Santos, Brazil",,,,,,,,
Brazil,Vitoria,Camburi Clube,"Camburi Clube, Vitoria, Brazil",,,,,,,,
Canada,Burnaby,Bill Copeland Arena,"Bill Copeland Arena, Burnaby, Canada",,,,,,,,
Canada,Calgary,MacEwan Hall,"MacEwan Hall, Calgary, Canada",,,,,,,,
Canada,Edmonton,Polish Hall,"Polish Hall, Edmonton, Canada",,,,,,,,
Canada,Fredericton,New Maryland Recreation Center,"New Maryland Recreation Center, Fredericton, Canada",,,,,,,,
Canada,Halifax,Olympic Bingo,"Olympic Bingo, Halifax, Canada",,,,,,,,
Canada,Kelowna,Performance Centre,"Performance Centre, Kelowna, Canada",,,,,,,,
Canada,Saskatoon,Sid's Garage,"Sid's Garage, Saskatoon, Canada",,,,,,,,
Chile,Santiago,Laberinto,"Laberinto, Santiago, Chile","https://www.google.com/maps/place/Av.+Vicu%C3%B1a+Mackenna+915,+Santiago,+%C3%91u%C3%B1oa,+Regi%C3%B3n+Metropolitana/@-33.4534536,-70.6307756,19z/data=!4m6!3m5!1s0x9662c5652ad0c62f:0x56e4b0349784dfbc!8m2!3d-33.4534782!4d-70.6307648!16s%2Fg%2F11jd9x7ckl?gl=cl",118,130,142,-33.4534536,-70.6307756,"-33.4534536, -70.6307756",
England,Bradford,Queen's Hall,"Queen's Hall, Bradford, England",,,,,,,,
England,Cambridge,Junction,"Junction, Cambridge, England",,,,,,,,
England,Herne Bay,King's Hall,"King's Hall, Herne Bay, England",,,,,,,,
England,Norwich,Waterfront,"Waterfront, Norwich, England",,,,,,,,
England,Whitstable,Assembly Rooms,"Assembly Rooms, Whitstable, England",,,,,,,,
England,Wigan,Wigan Unity Club,"Wigan Unity Club, Wigan, England",,,,,,,,
England,Wolverhampton,Wulfrun Hall,"Wulfrun Hall, Wolverhampton, England",,,,,,,,
Finland,Helsinki,Nosturi,"Nosturi, Helsinki, Finland",,,,,,,,
Finland,Tampere,Pakkahuone,"Pakkahuone, Tampere, Finland",,,,,,,,
France,Angers,Chabada,"Chabada, Angers, France",,,,,,,,
France,Arras,Le Pharos,"Le Pharos, Arras, France",,,,,,,,
France,Kingersheim,Salle Des Fetes,"Salle Des Fetes, Kingersheim, France",,,,,,,,
France,Lyon,Salle des Fetes,"Salle des Fetes, Lyon, France",,,,,,,,
France,Nancy,Terminal Export,"Terminal Export, Nancy, France",,,,,,,,
France,Nantes,L'Olympic,"L'Olympic, Nantes, France",,,,,,,,
France,Sur Belon,Kergon Forte,"Kergon Forte, Sur Belon, France",,,,,,,,
France,Toulouse,Le Bikini,"Le Bikini, Toulouse, France",,,,,,,,
Germany,Augsburg,Bootleg,"Bootleg, Augsburg, Germany",,,,,,,,
Germany,Dusseldorf,AK47,"AK47, Dusseldorf, Germany",,,,,,,,
Germany,Frankfurt,Hugenotten Halle,"Hugenotten Halle, Frankfurt, Germany",,,,,,,,
Germany,Heidelberg,Mensa,"Mensa, Heidelberg, Germany",,,,,,,,
Germany,Homburg,Juz Homburg,"Juz Homburg, Homburg, Germany",,,,,,,,
Germany,Kiel,Alte Meierei,"Alte Meierei, Kiel, Germany",,,,,,,,
Germany,Koln,Rhenania,"Rhenania, Koln, Germany",,,,,,,,
Germany,Leipzig,Conne Island,"Conne Island, Leipzig, Germany",,,,,,,,
Germany,Lubeck,Alternative,"Alternative, Lubeck, Germany",,,,,,,,
Germany,Nagold,Juz Nagold,"Juz Nagold, Nagold, Germany",,,,,,,,
Germany,Neuhausen auf den Fildern,Egelseehalle,"Egelseehalle, Neuhausen auf den Fildern, Germany",,,,,,,,
Germany,Oberhausen,Music Circus,"Music Circus, Oberhausen, Germany",,,,,,,,
Germany,Osnabruck,Hyde Park,"Hyde Park, Osnabruck, Germany",,,,,,,,
Germany,Ottobrunn,Juz Einsteinstr.,"Juz Einsteinstr., Ottobrunn, Germany",,,,,,,,
Germany,V-Schwinnigen,Canape,"Canape, V-Schwinnigen, Germany",,,,,,,,
Germany,Waiblingen,Villa Roller,"Villa Roller, Waiblingen, Germany",,,,,,,,
Germany,Wurzburg,Rock Palace,"Rock Palace, Wurzburg, Germany",,,,,,,,
Hungary,Budapest,Black Hole/Fekete Lyuk,"Black Hole/Fekete Lyuk, Budapest, Hungary",,,,,,,,
Iceland,Reykjavik,National Radio Building,"National Radio Building, Reykjavik, Iceland",,,,,,,,
Ireland,Cork,Nancy Spains,"Nancy Spains, Cork, Ireland",,,,,,,,
Ireland,Derry,Nerve Centre,"Nerve Centre, Derry, Ireland",,,,,,,,
Ireland,Kilkenny,Friary Hall,"Friary Hall, Kilkenny, Ireland",,,,,,,,
Ireland,Limerick,Savoy,"Savoy, Limerick, Ireland",,,,,,,,
Italy,Catania,Porto Catania Outdoor Show,"Porto Catania Outdoor Show, Catania, Italy",,,,,,,,
Italy,Florence,CPA,"CPA, Florence, Italy",,,,,,,,
Italy,G.De Spilimbergo,Rototom,"Rototom, G.De Spilimbergo, Italy",,,,,,,,
Italy,Gavoi,Covo Dei Nottambuli,"Covo Dei Nottambuli, Gavoi, Italy",,,,,,,,
Italy,Marghera,Rivolta,"Rivolta, Marghera, Italy",,,,,,,,
Italy,Modena,Dancing Condor,"Dancing Condor, Modena, Italy",,,,,,,,
Italy,Naples,Diamond Dogs,"Diamond Dogs, Naples, Italy",,,,,,,,
Italy,Padova,C.S.O Pedro,"C.S.O Pedro, Padova, Italy",,,,,,,,
Italy,Rome,Forte Prenestino,"Forte Prenestino, Rome, Italy",,,,,,,,
Italy,Verona,Forte Del Chievo,"Forte Del Chievo, Verona, Italy",,,,,,,,
Japan,Fukuoka,Viure Hall,"Viure Hall, Fukuoka, Japan",,,,,,,,
Japan,Kyoto,Muse Hall,"Muse Hall, Kyoto, Japan",,,,,,,,
Japan,Okayama,Pepperland,"Pepperland, Okayama, Japan",,,,,,,,
Malaysia,Kuala Lumpur,Fire Club,"Fire Club, Kuala Lumpur, Malaysia",,,,,,,,
Netherlands,Den Bosch,William II,"William II, Den Bosch, Netherlands",,,,,,,,
Netherlands,Den Haag,Paard,"Paard, Den Haag, Netherlands",,,,,,,,
Netherlands,Enschede,Agoara University,"Agoara University, Enschede, Netherlands",,,,,,,,
Netherlands,Groningen,Vera,"Vera, Groningen, Netherlands",,,,,,,,
Netherlands,Hoorn,Troll,"Troll, Hoorn, Netherlands",,,,,,,,
Netherlands,Nijmegen,Doornroosje,"Doornroosje, Nijmegen, Netherlands",,,,,,,,
Netherlands,Tilburg,O13,"O13, Tilburg, Netherlands",,,,,,,,
Netherlands,Venlo,Perron 55,"Perron 55, Venlo, Netherlands",,,,,,,,
New Zealand,Auckland,Powerstation,"Powerstation, Auckland, New Zealand",,,,,,,,
New Zealand,Christchurch,Caledonian Hall,"Caledonian Hall, Christchurch, New Zealand",,,,,,,,
New Zealand,Nelson,Nelson Arts Centre,"Nelson Arts Centre, Nelson, New Zealand",,,,,,,,
Norway,Bergen,Kvarteret,"Kvarteret, Bergen, Norway",,,,,,,,
Norway,Tromso,Brigga Lillero Cafe,"Brigga Lillero Cafe, Tromso, Norway",,,,,,,,
Poland,Pila,Sports Gym,"Sports Gym, Pila, Poland",,,,,,,,
Poland,Poznan,Eskulap,"Eskulap, Poznan, Poland",,,,,,,,
Poland,Warsaw,Karuzela University,"Karuzela University, Warsaw, Poland",,,,,,,,
Poland,Wroclaw,Kazamaty,"Kazamaty, Wroclaw, Poland",,,,,,,,
Poland,Zgorzelec,Cultural Center / Military Museum,"Cultural Center / Military Museum, Zgorzelec, Poland",,,,,,,,
Scotland,Aberdeen,Lemon Tree,"Lemon Tree, Aberdeen, Scotland",,,,,,,,
Spain,Bergara,Sala Jam,"Sala Jam, Bergara, Spain",,,,,,,,
Spain,Lakuntza,Sala Matraka,"Sala Matraka, Lakuntza, Spain",,,,,,,,
Spain,Madrid,Revolver,"Revolver, Madrid, Spain",,,,,,,,
Spain,Oviedo,Sala Antiquo,"Sala Antiquo, Oviedo, Spain",,,,,,,,
Spain,San.De Campostela,Sala Numero K,"Sala Numero K, San.De Campostela, Spain",,,,,,,,
Spain,Valencia,Zepplin Rock,"Zepplin Rock, Valencia, Spain",,,,,,,,
Spain,Zaragoza,En Bruto,"En Bruto, Zaragoza, Spain",,,,,,,,
Sweden,Gavle,Cafe Q,"Cafe Q, Gavle, Sweden",,,,,,,,
Sweden,Linkoping,Rock Lamour,"Rock Lamour, Linkoping, Sweden",,,,,,,,
Sweden,Lund,Mejeriet,"Mejeriet, Lund, Sweden",,,,,,,,
Sweden,Umea,Galaxen,"Galaxen, Umea, Sweden",,,,,,,,
Switzerland,Geneva,L'Usine,"L'Usine, Geneva, Switzerland",,,,,,,,
USA,Akron,Jackie Lee's Scooterz Entertainment Center,"Jackie Lee's Scooterz Entertainment Center, Akron, USA",,,,,,,,
USA,Albany,S.U.N.Y. Albany,"S.U.N.Y. Albany, Albany, USA",,,,,,,,
USA,Ames,Hunky Dory's,"Hunky Dory's, Ames, USA",,,,,,,,
USA,Amherst,University of Massachusetts,"University of Massachusetts, Amherst, USA",,,,,,,,
USA,Anchorage,Egan Center,"Egan Center, Anchorage, USA",,,,,,,,
USA,Ann Arbor,University of Michigan Ballrooom,"University of Michigan Ballrooom, Ann Arbor, USA",,,,,,,,
USA,Annapolis,Unitarian Church,"Unitarian Church, Annapolis, USA",,,,,,,,
USA,Asheville,Asheville Music Zone,"Asheville Music Zone, Asheville, USA",,,,,,,,
USA,Athens,40 Watt,"40 Watt, Athens, USA",,,,,,,,
USA,Bellevue,YMCA,"YMCA, Bellevue, USA",,,,,,,,
USA,Bellingham,Underground / 1414 Cornwell,"Underground / 1414 Cornwell, Bellingham, USA",,,,,,,,
USA,Bennington,Bennington College,"Bennington College, Bennington, USA",,,,,,,,
USA,Bethesda,BCC High School,"BCC High School, Bethesda, USA",,,,,,,,
USA,Binghamton,S.U.N.Y. Binghamton,"S.U.N.Y. Binghamton, Binghamton, USA",,,,,,,,
USA,Bozeman,Sundance Saloon,"Sundance Saloon, Bozeman, USA",,,,,,,,
USA,Bryan,Stafford Opera House,"Stafford Opera House, Bryan, USA",,,,,,,,
USA,Cambridge,First Congregational Church,"First Congregational Church, Cambridge, USA",,,,,,,,
USA,Carbondale,Southern Illinois University,"Southern Illinois University, Carbondale, USA",,,,,,,,
USA,Carlisle,Dickinson College,"Dickinson College, Carlisle, USA",,,,,,,,
USA,Chapel Hill,Cat's Cradle,"Cat's Cradle, Chapel Hill, USA",,,,,,,,
USA,Charleston,Common Grounds,"Common Grounds, Charleston, USA",,,,,,,,
USA,Charlottesville,Trax,"Trax, Charlottesville, USA",,,,,,,,
USA,Cincinnati,Bogart's,"Bogart's, Cincinnati, USA",,,,,,,,
USA,Clinton,St. John's Gym,"St. John's Gym, Clinton, USA",,,,,,,,
USA,College Park,University of Maryland Ritchie Coliseum,"University of Maryland Ritchie Coliseum, College Park, USA",,,,,,,,
USA,Colorado Springs,Colorado Music Hall,"Colorado Music Hall, Colorado Springs, USA",,,,,,,,
USA,Columbus,Newport,"Newport, Columbus, USA",,,,,,,,
USA,Conway,"Hendrix University, Hulen Ballroom","Hendrix University, Hulen Ballroom, Conway, USA",,,,,,,,
USA,Durham,University of New Hampshire M.U.B.,"University of New Hampshire M.U.B., Durham, USA",,,,,,,,
USA,Eau Claire,"University of Wisconsin, Fire Room","University of Wisconsin, Fire Room, Eau Claire, USA",,,,,,,,
USA,Edmond,Edmond Historical Society Preservation Hall,"Edmond Historical Society Preservation Hall, Edmond, USA",,,,,,,,
USA,Encinitas,La Paloma Theater,"La Paloma Theater, Encinitas, USA",,,,,,,,
USA,Eugene,W.O.W. Hall,"W.O.W. Hall, Eugene, USA",,,,,,,,
USA,Eureka,National Guard Armory,"National Guard Armory, Eureka, USA",,,,,,,,
USA,Fairfax,George Mason University Johnson Center,"George Mason University Johnson Center, Fairfax, USA",,,,,,,,
USA,Fayetteville,Studio 225,"Studio 225, Fayetteville, USA",,,,,,,,
USA,Fitchburg,Wallace Civic Center,"Wallace Civic Center, Fitchburg, USA",,,,,,,,
USA,Florence,Forefounders Hall,"Forefounders Hall, Florence, USA",,,,,,,,
USA,Frederick,Weinberg Center,"Weinberg Center, Frederick, USA",,,,,,,,
USA,Fresno,Knights of Columbus Hall,"Knights of Columbus Hall, Fresno, USA",,,,,,,,
USA,Hagerstown,180 Club,"180 Club, Hagerstown, USA",,,,,,,,
USA,Hartford,West Indian Social Club,"West Indian Social Club, Hartford, USA",,,,,,,,
USA,Hattiesburg,Univ. of S. MS Bennett Auditorium,"Univ. of S. MS Bennett Auditorium, Hattiesburg, USA",,,,,,,,
USA,Hoboken,Maxwell's,"Maxwell's, Hoboken, USA",,,,,,,,
USA,Holyoke,Holyoke War Memorial,"Holyoke War Memorial, Holyoke, USA",,,,,,,,
USA,Huntington,Stone Monkey,"Stone Monkey, Huntington, USA",,,,,,,,
USA,Iowa City,I.M.U. Lounge / University of Iowa,"I.M.U. Lounge / University of Iowa, Iowa City, USA",,,,,,,,
USA,Jackson,Midnight Sun,"Midnight Sun, Jackson, USA",,,,,,,,
USA,Jawbone Canyon,Jawbone Canyon Desert,"Jawbone Canyon Desert, Jawbone Canyon, USA",,,,,,,,
USA,Kennewick,Fairgrounds,"Fairgrounds, Kennewick, USA",,,,,,,,
USA,Kent,Kent State University,"Kent State University, Kent, USA",,,,,,,,
USA,Lancaster,Chameleon,"Chameleon, Lancaster, USA",,,,,,,,
USA,Las Vegas,Huntridge Theater,"Huntridge Theater, Las Vegas, USA",,,,,,,,
USA,Latham,Saratoga Winners,"Saratoga Winners, Latham, USA",,,,,,,,
USA,Leonardtown,St. Mary's County Fairgrounds Auditorium,"St. Mary's County Fairgrounds Auditorium, Leonardtown, USA",,,,,,,,
USA,Lexington,Wrocklage,"Wrocklage, Lexington, USA",,,,,,,,
USA,Lindenhurst,PWAC,"PWAC, Lindenhurst, USA",,,,,,,,
USA,Long Beach,Zed Records,"Zed Records, Long Beach, USA",,,,,,,,
USA,Lorton,Lorton Correctional Facility,"Lorton Correctional Facility, Lorton, USA",,,,,,,,
USA,Lubbock,19th st. Depot Warehouse,"19th st. Depot Warehouse, Lubbock, USA",,,,,,,,
USA,Maui,Maui Cultural Center,"Maui Cultural Center, Maui, USA",,,,,,,,
USA,Mechanicsburg,Decibels,"Decibels, Mechanicsburg, USA",,,,,,,,
USA,Merrifield,Merrifield Community Center,"Merrifield Community Center, Merrifield, USA",,,,,,,,
USA,Miami,Cameo Theater,"Cameo Theater, Miami, USA",,,,,,,,
USA,Missoula,Moose Lodge,"Moose Lodge, Missoula, USA",,,,,,,,
USA,New Brunswick,Rutgers University,"Rutgers University, New Brunswick, USA",,,,,,,,
USA,New Haven,Rockbar,"Rockbar, New Haven, USA",,,,,,,,
USA,Newark,University of Delaware Carpenter Hall,"University of Delaware Carpenter Hall, Newark, USA",,,,,,,,
USA,Norfolk,Baitshack,"Baitshack, Norfolk, USA",,,,,,,,
USA,Normal,Illinois State University Student Center Ballroom,"Illinois State University Student Center Ballroom, Normal, USA",,,,,,,,
USA,Norman,Hollywood Theater,"Hollywood Theater, Norman, USA",,,,,,,,
USA,Northampton,Pearl Street Ballroom,"Pearl Street Ballroom, Northampton, USA",,,,,,,,
USA,Norwalk,Anthrax,"Anthrax, Norwalk, USA",,,,,,,,
USA,Oakland,Scottish Rites Temple,"Scottish Rites Temple, Oakland, USA",,,,,,,,
USA,Oberlin,Oberlin University Student Union Tavern,"Oberlin University Student Union Tavern, Oberlin, USA",,,,,,,,
USA,Olathe,Gee Coffee,"Gee Coffee, Olathe, USA",,,,,,,,
USA,Palo Alto,Edge,"Edge, Palo Alto, USA",,,,,,,,
USA,Pensacola,Nite Owl,"Nite Owl, Pensacola, USA",,,,,,,,
USA,Peoria,Expo Gardens,"Expo Gardens, Peoria, USA",,,,,,,,
USA,Petaluma,Phoenix Theater,"Phoenix Theater, Petaluma, USA",,,,,,,,
USA,Pontiac,Phoenix Plaza Ampitheater,"Phoenix Plaza Ampitheater, Pontiac, USA",,,,,,,,
USA,Princeton,Princeton University Terrace Food Club,"Princeton University Terrace Food Club, Princeton, USA",,,,,,,,
USA,Raleigh,Ritz,"Ritz, Raleigh, USA",,,,,,,,
USA,Rapid City,Surbeck City School of Mines and Technology,"Surbeck City School of Mines and Technology, Rapid City, USA",,,,,,,,
USA,Rehoboth Beach,Strand,"Strand, Rehoboth Beach, USA",,,,,,,,
USA,Reno,Del Mar Station,"Del Mar Station, Reno, USA",,,,,,,,
USA,Reseda,Country Club,"Country Club, Reseda, USA",,,,,,,,
USA,Roanoke,Alternative,"Alternative, Roanoke, USA",,,,,,,,
USA,Rockford,VFW Hall,"VFW Hall, Rockford, USA",,,,,,,,
USA,Rockville,Montgomery College Fine Arts Building,"Montgomery College Fine Arts Building, Rockville, USA",,,,,,,,
USA,Santa Barbara,Anaconda,"Anaconda, Santa Barbara, USA",,,,,,,,
USA,Schenectady,Eagles Lodge,"Eagles Lodge, Schenectady, USA",,,,,,,,
USA,Severna Park,Columbian Center,"Columbian Center, Severna Park, USA",,,,,,,,
USA,Silver Spring,Long Branch Community Center,"Long Branch Community Center, Silver Spring, USA",,,,,,,,
USA,Sioux Falls,Pomp Room,"Pomp Room, Sioux Falls, USA",,,,,,,,
USA,Spokane,123 Arts,"123 Arts, Spokane, USA",,,,,,,,
USA,State College,Penn State Hub,"Penn State Hub, State College, USA",,,,,,,,
USA,Tacoma,Tacoma Community World Theater,"Tacoma Community World Theater, Tacoma, USA",,,,,,,,
USA,Tallahassee,Moon,"Moon, Tallahassee, USA",,,,,,,,
USA,Trenton,City Gardens,"City Gardens, Trenton, USA",,,,,,,,
USA,Tuba City,Grey Hills High School,"Grey Hills High School, Tuba City, USA",,,,,,,,
USA,Ventura,Ventura Theater,"Ventura Theater, Ventura, USA",,,,,,,,
USA,Victorville,Fly Theater,"Fly Theater, Victorville, USA",,,,,,,,
USA,Waukesha,Waukesha Expo Center,"Waukesha Expo Center, Waukesha, USA",,,,,,,,
USA,Wesleyan,Wesleyan University Eclectic House,"Wesleyan University Eclectic House, Wesleyan, USA",,,,,,,,
USA,Winston-Salem,Ziggy's,"Ziggy's, Winston-Salem, USA",,,,,,,,
USA,Yakima,Twilight Terrace,"Twilight Terrace, Yakima, USA",,,,,,,,
USA,Ypsilanti,Eastern Michigan University,"Eastern Michigan University, Ypsilanti, USA",,,,,,,,
Wales,Newport,TJ's,"TJ's, Newport, Wales",,,,,,,,
Yugoslavia,Zagreb,Galleria,"Galleria, Zagreb, Yugoslavia",,,,,,,,