live_show,fls_available,fls_id,datestring,fls_link,Title,Url,Length,Seconds,link
1,0,FLS0069,19881104,https://dischord.com/fugazi_live_series/nagold-germany-110488,"Juz Nagold, Nagold, Germany, 1988-11-04",https://www.youtube.com/watch?v=IFMXi3xKZqQ,00:54:01,3241,"[FLS0069, Juz Nagold, Nagold, Germany, 1988-11-04](https://www.youtube.com/watch?v=h-0J7Djzplo&list=PLXzdYKOUH6xj_x0Uz273TSbqMFrG80fBn&index=8&pp=iAQB)<br>"
1,1,,19881105,,Fugazi - Live in Augsburg 1988 [Full Concert],https://www.youtube.com/watch?v=EooDG7fHGGg&list=PLXzdYKOUH6xj_x0Uz273TSbqMFrG80fBn&index=9&pp=iAQB,00:56:30,3390,
1,0,FLS0070,19881105,https://dischord.com/fugazi_live_series/augsburg-germany-110588,"Bootleg Club, Augsburg, Germany, 1988-11-05",https://archive.org/details/fugazi1988-11-05,,,"[FLS0070, Bootleg Club, Augsburg, Germany, 1988-11-05](https://archive.org/details/fugazi1988-11-05)<br>"
1,0,FLS0081,19881122,https://dischord.com/fugazi_live_series/paris-france-112288,"Le Gibus, Paris, France, 22-11-1988",https://www.youtube.com/watch?v=PZY_e16_XN4&list=PLXzdYKOUH6xj_x0Uz273TSbqMFrG80fBn&index=10,01:16:17,4577,"[FLS0081, Le Gibus, Paris, France, 22-11-1988](https://www.youtube.com/watch?v=PZY_e16_XN4&list=PLXzdYKOUH6xj_x0Uz273TSbqMFrG80fBn&index=10)<br>"
1,1,,19881202,,Fugazi 1988 Dec 2nd Live Wigan Unity,https://www.youtube.com/watch?v=7r4gaaq34HU&list=PLXzdYKOUH6xj_x0Uz273TSbqMFrG80fBn&index=11&pp=iAQB,00:21:43,1303,
1,0,FLS0107,19890506,https://dischord.com/fugazi_live_series/gainesville-fl-usa-50689,"American Legion Hall, Gainesville, FL, USA, 1989-05-06",https://www.youtube.com/watch?v=vhBFLGz6dvU&list=PLXzdYKOUH6xj_x0Uz273TSbqMFrG80fBn&index=18&pp=iAQB,00:39:05,2345,"[FLS0107, American Legion Hall, Gainesville, FL, USA, 1989-05-06](https://www.youtube.com/watch?v=vhBFLGz6dvU&list=PLXzdYKOUH6xj_x0Uz273TSbqMFrG80fBn&index=18&pp=iAQB)<br>"
1,1,,19890511,,Fugazi @ Axis Club 1989,https://www.youtube.com/watch?v=JCEqhCVwhKI&list=PLXzdYKOUH6xj_x0Uz273TSbqMFrG80fBn&index=19&pp=iAQB,01:29:41,5381,
1,1,,19890520,https://dischord.com/fugazi_live_series/berkeley-ca-usa-52089,"Fugazi- 924 Gilman, Berkeley Ca. 5/20/89 enhanced video w/ Pro Walkman Audio xfer from master tapes",https://www.youtube.com/watch?v=U4d6TrNGuHc&list=PLXzdYKOUH6xj_x0Uz273TSbqMFrG80fBn&index=20&pp=iAQB,01:10:36,4236,
1,0,FLS0119,19890603,https://dischord.com/fugazi_live_series/omaha-ne-usa-60389,"Radial Social Hall, Omaha, NE, USA, 1989-06-03 (part 1)",https://www.youtube.com/watch?v=B9_hUYQ5nGc&list=PLXzdYKOUH6xj_x0Uz273TSbqMFrG80fBn&index=21&pp=iAQB,00:09:23,563,"[FLS0119, Radial Social Hall, Omaha, NE, USA, 1989-06-03 (part 1)](https://www.youtube.com/watch?v=B9_hUYQ5nGc&list=PLXzdYKOUH6xj_x0Uz273TSbqMFrG80fBn&index=21&pp=iAQB)<br>"
1,0,FLS0119,19890603,https://dischord.com/fugazi_live_series/omaha-ne-usa-60389,"Radial Social Hall, Omaha, NE, USA, 1989-06-03 (part 2)",https://www.youtube.com/watch?v=BBMO72_q82c&list=PLXzdYKOUH6xj_x0Uz273TSbqMFrG80fBn&index=22&pp=iAQB,00:29:41,1781,"[FLS0119, Radial Social Hall, Omaha, NE, USA, 1989-06-03 (part 2)](https://www.youtube.com/watch?v=BBMO72_q82c&list=PLXzdYKOUH6xj_x0Uz273TSbqMFrG80fBn&index=22&pp=iAQB)<br>"
1,0,FLS0119,19890603,https://dischord.com/fugazi_live_series/omaha-ne-usa-60389,"Radial Social Hall, Omaha, NE, USA, 1989-06-03 (part 3)",https://www.youtube.com/watch?v=UlP7s3dmr2c&list=PLXzdYKOUH6xj_x0Uz273TSbqMFrG80fBn&index=23&pp=iAQB,00:06:21,381,"[FLS0119, Radial Social Hall, Omaha, NE, USA, 1989-06-03 (part 3)](https://www.youtube.com/watch?v=UlP7s3dmr2c&list=PLXzdYKOUH6xj_x0Uz273TSbqMFrG80fBn&index=23&pp=iAQB)<br>"
1,0,FLS0140,19890929,https://dischord.com/fugazi_live_series/ottawa-on-canada-92989,"Glebe Community Center, Ottawa, ON, Canada",https://www.youtube.com/watch?v=S2oDB4LaCRE,,,"[FLS0140, Glebe Community Center, Ottawa, ON, Canada](https://www.youtube.com/watch?v=S2oDB4LaCRE)<br>"
1,0,FLS0143,19891002,https://dischord.com/fugazi_live_series/rochester-ny-usa-100289,"Backstreets, Rochester, NY, USA",https://www.youtube.com/watch?v=6FPe8g9i17I&t=22s,,,"[FLS0143, Backstreets, Rochester, NY, USA](https://www.youtube.com/watch?v=6FPe8g9i17I&t=22s)<br>"
1,1,,19891008,https://dischord.com/fugazi_live_series/hoboken-nj-usa-100889,Fugazi - Live in Hoboken 1989 [Full Concert],https://www.youtube.com/watch?v=cva8M3rC4wk&list=PLXzdYKOUH6xj_x0Uz273TSbqMFrG80fBn&index=26&pp=iAQB,01:16:13,4573,
1,0,FLS0161,19891123,https://dischord.com/fugazi_live_series/dublin-ireland-112389,"McGonagles, Dublin, Ireland, 1989-11-23",https://www.youtube.com/watch?v=gwIbWL55gio&list=PLXzdYKOUH6xj_x0Uz273TSbqMFrG80fBn&index=27&pp=iAQB,00:48:05,2885,"[FLS0161, McGonagles, Dublin, Ireland, 1989-11-23](https://www.youtube.com/watch?v=gwIbWL55gio&list=PLXzdYKOUH6xj_x0Uz273TSbqMFrG80fBn&index=27&pp=iAQB)<br>"
1,0,FLS0176,19891211,https://dischord.com/fugazi_live_series/paris-france-121189,"Forum de Grenelle, Paris, France, 1989-12-11",https://www.youtube.com/watch?v=ChUGjHfodgA&list=PLXzdYKOUH6xj_x0Uz273TSbqMFrG80fBn&index=30&pp=iAQB,01:17:38,4658,"[FLS0176, Forum de Grenelle, Paris, France, 1989-12-11](https://www.youtube.com/watch?v=ChUGjHfodgA&list=PLXzdYKOUH6xj_x0Uz273TSbqMFrG80fBn&index=30&pp=iAQB)<br>"
1,0,FLS0177,19900127,https://dischord.com/fugazi_live_series/washington-dc-usa-12790,"St. Augustine's Church Hall, Washington, DC, USA, 1990-01-27",https://distortoakland.blogspot.com/2022/06/fugazi-january-27th-1990-st-augustines.html,,,"[FLS0177, St. Augustine's Church Hall, Washington, DC, USA, 1990-01-27](https://distortoakland.blogspot.com/2022/06/fugazi-january-27th-1990-st-augustines.html)<br>"
1,1,,19900414,https://dischord.com/fugazi_live_series/northampton-ma-usa-41490,Fugazi - North Hampton MA 04.04.90,https://www.youtube.com/watch?v=EiCL4aAIl3Y&list=PLXzdYKOUH6xj_x0Uz273TSbqMFrG80fBn&index=36&pp=iAQB,01:21:40,4900,
1,1,,19901008,https://dischord.com/fugazi_live_series/bielefeld-germany-100890,Fugazi - New Zealand - 1990s,https://www.youtube.com/watch?v=Sn64zgVQ1z0&list=PLXzdYKOUH6xj_x0Uz273TSbqMFrG80fBn&index=227&pp=iAQB,01:11:12,4272,
1,1,,19910906,,"Fugazi Live - Desert Fest, Jawbone Canyon, Mojave Desert, CA - 9.6.91 - Full Set",https://www.youtube.com/watch?v=ItnnNkSU6aQ&list=PLXzdYKOUH6xj_x0Uz273TSbqMFrG80fBn&index=57,00:50:47,3047,
1,0,FLS22,19911014,,"Triple J Radio, Sydney, Australia, 1991-10-14",https://dischord.com/release/FLS22/sydney-au-oct-14-1991,,,"[FLS22, Triple J Radio, Sydney, Australia, 1991-10-14](https://dischord.com/release/FLS22/sydney-au-oct-14-1991)<br>"
1,1,,19911019,,Fugazi-Live@The Hull 1991,https://www.youtube.com/watch?v=VlTs5aUAZHs&list=PLXzdYKOUH6xj_x0Uz273TSbqMFrG80fBn&index=58&pp=iAQB,01:00:25,3625,
1,1,,19920306,,Fugazi live St Stephens Church Hall Washington D.C. 3-6-1992,https://www.youtube.com/watch?v=ud1cfCMqLJ4&list=PLXzdYKOUH6xj_x0Uz273TSbqMFrG80fBn&index=59,00:57:38,3458,
1,1,,19920626,https://dischord.com/fugazi_live_series/poznan-poland-62692,"Fugazi [1992.06.27] Poznan, Poland",https://www.youtube.com/watch?v=UI089FpXtaQ&list=PLXzdYKOUH6xj_x0Uz273TSbqMFrG80fBn&index=70,01:00:15,3615,
1,1,,19920706,,"Fugazi Live At Rockefeller Music Hall, Oslo, Norway, 1992-07-06",https://www.youtube.com/watch?v=BreY5_sfGuw&list=PLXzdYKOUH6xj_x0Uz273TSbqMFrG80fBn&index=60,01:20:24,4824,
1,1,,19941124,https://dischord.com/fugazi_live_series/newcastle-australia-112493,fugazi@morrow park bowlo.newcastle australia.22/11/1993,https://www.youtube.com/watch?v=SbljzBRMLz8&list=PLXzdYKOUH6xj_x0Uz273TSbqMFrG80fBn&index=132&pp=iAQB,01:18:42,4722,
1,1,,19950630,,"Fugazi - Concert, Stuttgart, 1994 (Kaput - Magazin für Insolvenz & Pop)",https://www.youtube.com/watch?v=AAO-uhpKKQg&list=PLXzdYKOUH6xj_x0Uz273TSbqMFrG80fBn&index=137&pp=iAQB,01:23:10,4990,
1,1,,19951006,,"Fugazi Live Indianapolis, Indiana 1995",https://www.youtube.com/watch?v=65j3mJIYHWU&list=PLXzdYKOUH6xj_x0Uz273TSbqMFrG80fBn&index=140&pp=iAQB,01:10:35,4235,
1,1,,19951008,,Fugazi live at Mississippi Nights 1995,https://www.youtube.com/watch?v=LJWf9vXojys&list=PLXzdYKOUH6xj_x0Uz273TSbqMFrG80fBn&index=141,01:17:09,4629,
1,0,FLS0809,19961113,https://dischord.com/fugazi_live_series/hobart-tz-australia-111396,"Sapphire Ballroom, Hobart, Tasmania, Australia, 1996-11-13",https://vimeo.com/65934803,,,"[FLS0809, Sapphire Ballroom, Hobart, Tasmania, Australia, 1996-11-13](https://vimeo.com/65934803)<br>"
1,0,FLS0846,19970823,https://dischord.com/fugazi_live_series/santiago-chile-82397,"Laberinto, Santiago, Chile, 1997-08-23",https://www.youtube.com/watch?v=nsl17PjJYXU&t=297s,,,"[FLS0846, Laberinto, Santiago, Chile, 1997-08-23](https://www.youtube.com/watch?v=nsl17PjJYXU&t=297s)<br>"
1,0,FLS1053,19990917,https://dischord.com/fugazi_live_series/bremen-germany-091799,"Schlachthof, Bremen, Germany, 1999-09-17",https://www.youtube.com/watch?v=HgAJusbVqLU&list=PLXzdYKOUH6xj_x0Uz273TSbqMFrG80fBn&index=190,01:32:58,5578,"[FLS1053, Schlachthof, Bremen, Germany, 1999-09-17](https://www.youtube.com/watch?v=HgAJusbVqLU&list=PLXzdYKOUH6xj_x0Uz273TSbqMFrG80fBn&index=190)<br>"
1,0,FLS0970,20000604,https://dischord.com/fugazi_live_series/san-francisco-ca-usa-60400,"Mission Dolores Park, San Francisco, CA, USA, 2000-06-04",https://www.youtube.com/watch?v=y7vR62XMNRo&list=PLXzdYKOUH6xj_x0Uz273TSbqMFrG80fBn&index=196&pp=iAQB,01:16:49,4609,"[FLS0970, Mission Dolores Park, San Francisco, CA, USA, 2000-06-04](https://www.youtube.com/watch?v=y7vR62XMNRo&list=PLXzdYKOUH6xj_x0Uz273TSbqMFrG80fBn&index=196&pp=iAQB)<br>"
1,0,FLS0972,20000807,https://dischord.com/fugazi_live_series/washington-dc-usa-80700,"Fort Reno, Washington, DC, USA, 2000-08-07 (part 1)",https://www.youtube.com/watch?v=dXX_CzyQZOE&list=PLXzdYKOUH6xj_x0Uz273TSbqMFrG80fBn&index=197,00:59:43,3583,"[FLS0972, Fort Reno, Washington, DC, USA, 2000-08-07 (part 1)](https://www.youtube.com/watch?v=dXX_CzyQZOE&list=PLXzdYKOUH6xj_x0Uz273TSbqMFrG80fBn&index=197)<br>"
1,0,FLS0972,20000807,https://dischord.com/fugazi_live_series/washington-dc-usa-80700,"Fort Reno, Washington, DC, USA, 2000-08-07 (part 2)",https://www.youtube.com/watch?v=YCniLqlEM7w&list=PLXzdYKOUH6xj_x0Uz273TSbqMFrG80fBn&index=198&pp=iAQB,00:29:48,1788,"[FLS0972, Fort Reno, Washington, DC, USA, 2000-08-07 (part 2)](https://www.youtube.com/watch?v=YCniLqlEM7w&list=PLXzdYKOUH6xj_x0Uz273TSbqMFrG80fBn&index=198&pp=iAQB)<br>"
1,0,FLS1028,20020418,https://dischord.com/fugazi_live_series/holyoke-ma-usa-51802,"Holyoke War Memorial Hall, MA, USA, 2002-04-18",https://archive.org/details/Fugazi2002-04-18.AKGC1000s,,,"[FLS1028, Holyoke War Memorial Hall, MA, USA, 2002-04-18](https://archive.org/details/Fugazi2002-04-18.AKGC1000s)<br>"
0,,,,,Why Fugazi is the Greatest Band of All Time,https://www.youtube.com/watch?v=XeEAqRIzfJA&list=PLXzdYKOUH6xj_x0Uz273TSbqMFrG80fBn&index=1&pp=iAQB,00:14:15,855,
0,,,,,Fugazi: The Path of Most Resistance,https://www.youtube.com/watch?v=yv_fR57qNoY&list=PLXzdYKOUH6xj_x0Uz273TSbqMFrG80fBn&index=2,00:16:19,979,
1,1,,,,"Fugazi Live At Wilson Center, Washington, DC, 1987-09-03 [FIRST SHOW]",https://www.youtube.com/watch?v=WptWHU2I_Gw&list=PLXzdYKOUH6xj_x0Uz273TSbqMFrG80fBn&index=3&pp=iAQB,00:32:03,1923,
1,1,,,,Fugazi - Live at d.c. space - 1987 (full set),https://www.youtube.com/watch?v=VFpmACD4BKg&list=PLXzdYKOUH6xj_x0Uz273TSbqMFrG80fBn&index=4&pp=iAQB,00:53:07,3187,
1,1,,,,"Fugazi - 9.30 Club, Washington 15th June 1988",https://www.youtube.com/watch?v=5dOBXK35U5U&list=PLXzdYKOUH6xj_x0Uz273TSbqMFrG80fBn&index=5&pp=iAQB,00:44:13,2653,
1,1,,,,"Fugazi (US) Live @ Democrazy, Gent, Belgium. October 16th 1988 (Soundboard & restored/mastered)",https://www.youtube.com/watch?v=N7C-j1zZvbE&list=PLXzdYKOUH6xj_x0Uz273TSbqMFrG80fBn&index=6,00:45:02,2702,
1,1,,,,Fugazi at Van Hall Amsterdam 16 october 1988 full set,https://www.youtube.com/watch?v=8r_imog31V4&list=PLXzdYKOUH6xj_x0Uz273TSbqMFrG80fBn&index=7&pp=iAQB,00:39:41,2381,
1,1,,,,Fugazi at Wilson Center 1988,https://www.youtube.com/watch?v=C0OzCNk5sFk&list=PLXzdYKOUH6xj_x0Uz273TSbqMFrG80fBn&index=12&pp=iAQB,00:05:34,334,
1,1,,,,Fugazi at Wilson Center 12-29-88 Suggestion w/ Amy Pickering,https://www.youtube.com/watch?v=-k1iK4nyS8o&list=PLXzdYKOUH6xj_x0Uz273TSbqMFrG80fBn&index=13&pp=iAQB,00:07:29,449,
1,1,,,,Fugazi 12-29-88 Wilson Center Give Me The Cure.mov,https://www.youtube.com/watch?v=Ybf-4n9xPCM&list=PLXzdYKOUH6xj_x0Uz273TSbqMFrG80fBn&index=14&pp=iAQB,00:03:03,183,
1,1,,,,Fugazi - Waiting Room (Live 29.12.88) [50FPS 576p] READ DESCRIPTION!,https://www.youtube.com/watch?v=UKc0-cZeF4c&list=PLXzdYKOUH6xj_x0Uz273TSbqMFrG80fBn&index=15&pp=iAQB,00:03:12,192,
1,1,,,,Fugazi -  Waiting Room,https://www.youtube.com/watch?v=SGJFWirQ3ks&list=PLXzdYKOUH6xj_x0Uz273TSbqMFrG80fBn&index=16&pp=iAQB,00:03:12,192,
1,1,,,,Fugazi Wilson Center 12-29-88 Glueman,https://www.youtube.com/watch?v=GnyPKEnYTdI&list=PLXzdYKOUH6xj_x0Uz273TSbqMFrG80fBn&index=17&pp=iAQB,00:05:43,343,
1,1,,,,"Fugazi live in St Louis, Missouri June 22nd 1989",https://www.youtube.com/watch?v=fNGqQwuou4g&list=PLXzdYKOUH6xj_x0Uz273TSbqMFrG80fBn&index=24,01:03:18,3798,
1,1,,,,"Fugazi - The Loft, Guelph 30th September 1989",https://www.youtube.com/watch?v=yIJHi2eZjY8&list=PLXzdYKOUH6xj_x0Uz273TSbqMFrG80fBn&index=25&pp=iAQB,01:11:41,4301,
1,1,,,,"Fugazi live at the Boardwalk, Manchester, November 28th 1989",https://www.youtube.com/watch?v=jVj7X2pK8Dk&list=PLXzdYKOUH6xj_x0Uz273TSbqMFrG80fBn&index=28&pp=iAQB,00:50:20,3020,
1,1,,,,Fugazi - live at Melkweg / Amsterdam (December 9 1989),https://www.youtube.com/watch?v=CIxuYUS9F0k&list=PLXzdYKOUH6xj_x0Uz273TSbqMFrG80fBn&index=29&pp=iAQB,01:22:13,4933,
0,,,,,Fugazi - Snub TV 1989 - The Best Version,https://www.youtube.com/watch?v=WaXdRInrCkE&list=PLXzdYKOUH6xj_x0Uz273TSbqMFrG80fBn&index=31&pp=iAQB,00:07:18,438,
0,,,,,Fugazi - Interview // Tribal Area,https://www.youtube.com/watch?v=hGouBn6pP6Q&list=PLXzdYKOUH6xj_x0Uz273TSbqMFrG80fBn&index=32&pp=iAQB,00:05:37,337,
0,,,,,Funny Fugazi Interview 1989,https://www.youtube.com/watch?v=sPMgowhYOVc&list=PLXzdYKOUH6xj_x0Uz273TSbqMFrG80fBn&index=33&pp=iAQB,00:01:32,92,
1,1,,,,Fugazi live at JMU 3/11/90,https://www.youtube.com/watch?v=AQoKTd62sD0&list=PLXzdYKOUH6xj_x0Uz273TSbqMFrG80fBn&index=34&pp=iAQB,01:05:31,3931,
1,1,,,,"FUGAZI 3/16/1990 AMERICAN LEGION HALL GAINESVILLE, FL",https://www.youtube.com/watch?v=-j2EuST6CZM&list=PLXzdYKOUH6xj_x0Uz273TSbqMFrG80fBn&index=35&pp=iAQB,00:52:03,3123,
1,1,,,,fugazi 4-27-1990,https://www.youtube.com/watch?v=D3A_oEm9q38&list=PLXzdYKOUH6xj_x0Uz273TSbqMFrG80fBn&index=37&pp=iAQB,00:55:32,3332,
1,1,,,,Fugazi ~ Live ~ 05-04-90  --- The strangest Fugazi show ever?!?!,https://www.youtube.com/watch?v=1oCeJRHV2-Y&list=PLXzdYKOUH6xj_x0Uz273TSbqMFrG80fBn&index=38&pp=iAQB,00:18:44,1124,
1,1,,,,"Fugazi 05/06/1990 - Houston, TX @ Axiom",https://www.youtube.com/watch?v=pAIT272JO2Q&list=PLXzdYKOUH6xj_x0Uz273TSbqMFrG80fBn&index=39&pp=iAQB,01:06:22,3982,
1,1,,,,Fugazi live at the Country Club 1990,https://www.youtube.com/watch?v=j7l3urCjjiM&list=PLXzdYKOUH6xj_x0Uz273TSbqMFrG80fBn&index=40&pp=iAQB,01:07:42,4062,
1,1,,,,"Fugazi at 924 Gilman St. Berkeley, CA  5/20/90",https://www.youtube.com/watch?v=oM4_KO3rpNs&list=PLXzdYKOUH6xj_x0Uz273TSbqMFrG80fBn&index=41&pp=iAQB,00:35:45,2145,
1,1,,,,"Fugazi - PC69, Bielefeld 8th October 1990",https://www.youtube.com/watch?v=8hJnpI5JpmQ&list=PLXzdYKOUH6xj_x0Uz273TSbqMFrG80fBn&index=42&pp=iAQB,01:08:04,4084,
1,1,,,,"Fugazi - Etzer Hof, Mainz 12th October 1990",https://www.youtube.com/watch?v=umven6rqytE&list=PLXzdYKOUH6xj_x0Uz273TSbqMFrG80fBn&index=43&pp=iAQB,01:16:39,4599,
1,1,,,,"FUGAZI - Live Bologna, October 26 1990 - full concert",https://www.youtube.com/watch?v=WHf1mXgRGaw&list=PLXzdYKOUH6xj_x0Uz273TSbqMFrG80fBn&index=44&pp=iAQB,01:18:02,4682,
1,1,,,,FUGAZI - KILBURN  LONDON 19.9.1990,https://www.youtube.com/watch?v=QzSEBRsrwZE&list=PLXzdYKOUH6xj_x0Uz273TSbqMFrG80fBn&index=45&pp=iAQB,01:07:28,4048,
1,1,,,,"Fugazi Live At Blitz, Oslo, Norway, 1990-09-28",https://www.youtube.com/watch?v=M7-tdJjPaYo&list=PLXzdYKOUH6xj_x0Uz273TSbqMFrG80fBn&index=46&pp=iAQB,01:10:15,4215,
1,1,,,,"Fugazi Live At Brigga Lillero Cafe, Tromsø, Norway, 1990-09-29",https://www.youtube.com/watch?v=inaRJ8WgTa8&list=PLXzdYKOUH6xj_x0Uz273TSbqMFrG80fBn&index=47,01:13:46,4426,
1,1,,,,"Fugazi - full show (live Poland, Zgorzelec, MDK 6-10-1990)",https://www.youtube.com/watch?v=rLC3l8Ed-k0&list=PLXzdYKOUH6xj_x0Uz273TSbqMFrG80fBn&index=48&pp=iAQB,01:15:24,4524,
1,1,,,,"FUGAZI Live in front of THE WHITE HOUSE, January 12, 1991 (Gulf War 1 Protest)",https://www.youtube.com/watch?v=c_5OZOwAhas&list=PLXzdYKOUH6xj_x0Uz273TSbqMFrG80fBn&index=49,00:46:43,2803,
1,1,,,,"Fugazi Live At Lafayette Square, Washington DC, 1991-01-12",https://www.youtube.com/watch?v=I0gs_FaNOD4&list=PLXzdYKOUH6xj_x0Uz273TSbqMFrG80fBn&index=50&pp=iAQB,00:46:23,2783,
1,1,,,,"Fugazi Live At The Sacred Heart Church Hall, Washington, DC, 1991-02-15",https://www.youtube.com/watch?v=Kx9dTbuGnEI&list=PLXzdYKOUH6xj_x0Uz273TSbqMFrG80fBn&index=51&pp=iAQB,00:50:26,3026,
1,1,,,,Fugazi Live 3/02/1991 Drexel University Philadelphia PA (full show),https://www.youtube.com/watch?v=7JK-vKnFxPA&list=PLXzdYKOUH6xj_x0Uz273TSbqMFrG80fBn&index=52&pp=iAQB,01:15:36,4536,
1,1,,,,Fugazi Live 3 7 91,https://www.youtube.com/watch?v=3Oh7FbDMENc&list=PLXzdYKOUH6xj_x0Uz273TSbqMFrG80fBn&index=53&pp=iAQB,01:14:23,4463,
1,1,,,,FuGaZi - LiVe MiaMi '91 - 05-16-1991 CaMeo TheaTeR - 'OKaY' QUaL - RaRe ShoW!!,https://www.youtube.com/watch?v=CBtJ0nLbw6I&list=PLXzdYKOUH6xj_x0Uz273TSbqMFrG80fBn&index=54&pp=iAQB,01:12:30,4350,
1,1,,,,Fugazi 5 25 91 Austin Liberty Lunch,https://www.youtube.com/watch?v=cpoyEOP2IS8&list=PLXzdYKOUH6xj_x0Uz273TSbqMFrG80fBn&index=55&pp=iAQB,00:51:54,3114,
1,1,,,,"Fugazi - Homage, Houston, TX 5.26.91 (AUDIO ONLY)",https://www.youtube.com/watch?v=Cq0atBBTWPA&list=PLXzdYKOUH6xj_x0Uz273TSbqMFrG80fBn&index=56&pp=iAQB,00:58:54,3534,
1,1,,,,"Fugazi - Melbourne, 19/10/91",https://www.youtube.com/watch?v=7lcw3VYBTVo&list=PLXzdYKOUH6xj_x0Uz273TSbqMFrG80fBn&index=61&pp=iAQB,00:41:40,2500,
1,1,,,,Fugazi in Tokyo Pt. 1,https://www.youtube.com/watch?v=w_Htb5_piU4&list=PLXzdYKOUH6xj_x0Uz273TSbqMFrG80fBn&index=62&pp=iAQB,00:08:49,529,
1,1,,,,Fugazi in Tokyo Pt. 2,https://www.youtube.com/watch?v=Z4MwYaYkRH4&list=PLXzdYKOUH6xj_x0Uz273TSbqMFrG80fBn&index=63&pp=iAQB,00:07:09,429,
1,1,,,,Fugazi in Tokyo Pt. 3,https://www.youtube.com/watch?v=DmxX4RsGxFc&list=PLXzdYKOUH6xj_x0Uz273TSbqMFrG80fBn&index=64&pp=iAQB,00:06:08,368,
1,1,,,,Fugazi in Tokyo Pt. 4,https://www.youtube.com/watch?v=IklvcEdajzs&list=PLXzdYKOUH6xj_x0Uz273TSbqMFrG80fBn&index=65&pp=iAQB,00:06:50,410,
1,1,,,,Fugazi in Tokyo Pt. 5,https://www.youtube.com/watch?v=nWa5jKseCVc&list=PLXzdYKOUH6xj_x0Uz273TSbqMFrG80fBn&index=66&pp=iAQB,00:05:41,341,
1,1,,,,Fugazi @ The Trocadero 4 6 92,https://www.youtube.com/watch?v=sk_iMVFWYCs&list=PLXzdYKOUH6xj_x0Uz273TSbqMFrG80fBn&index=67&pp=iAQB,00:34:56,2096,
1,1,,,,"Fugazi - Budapest, Fekte Lyuk - 1992.06.11",https://www.youtube.com/watch?v=WaAwqBfLg88&list=PLXzdYKOUH6xj_x0Uz273TSbqMFrG80fBn&index=68&pp=iAQB,01:27:58,5278,
1,1,,,,"Fugazi - Hugenottenhalle, Frankfurt 19th June 1992",https://www.youtube.com/watch?v=lQKQHu40f0U&list=PLXzdYKOUH6xj_x0Uz273TSbqMFrG80fBn&index=69&pp=iAQB,01:11:15,4275,
1,1,,,,"Fugazi live 8/7-1992 i Gävle, Sweden",https://www.youtube.com/watch?v=74oLTdcpm70&list=PLXzdYKOUH6xj_x0Uz273TSbqMFrG80fBn&index=71&pp=iAQB,01:12:39,4359,
0,,,,,German interview with Ian MacKaye of Fugazi (1/2),https://www.youtube.com/watch?v=4fWaYmOa4Fo&list=PLXzdYKOUH6xj_x0Uz273TSbqMFrG80fBn&index=72&pp=iAQB,00:05:06,306,
0,,,,,German interview with Ian MacKaye of Fugazi (2/2),https://www.youtube.com/watch?v=Xk4Lm5YtgeI&list=PLXzdYKOUH6xj_x0Uz273TSbqMFrG80fBn&index=73&pp=iAQB,00:08:45,525,
1,1,,,,Fugazi Live 1993 Entire Show Wilmington NC,https://www.youtube.com/watch?v=xA6d7qQ2S4U&list=PLXzdYKOUH6xj_x0Uz273TSbqMFrG80fBn&index=74&pp=iAQB,01:03:02,3782,
1,1,,,,"Fugazi playing Joe -1""""",https://www.youtube.com/watch?v=u2If-whd99c&list=PLXzdYKOUH6xj_x0Uz273TSbqMFrG80fBn&index=75&pp=iAQB,00:03:09,189,
1,1,,,,"Fugazi playing Reclamation""""",https://www.youtube.com/watch?v=10ViZO73Rv4&list=PLXzdYKOUH6xj_x0Uz273TSbqMFrG80fBn&index=76&pp=iAQB,00:03:25,205,
1,1,,,,"Fugazi playing Walken's Syndrome""""",https://www.youtube.com/watch?v=3ayazOj0sLA&list=PLXzdYKOUH6xj_x0Uz273TSbqMFrG80fBn&index=77&pp=iAQB,00:02:44,164,
1,1,,,,"Fugazi playing Facet Squared""""",https://www.youtube.com/watch?v=56s4CApxghk&list=PLXzdYKOUH6xj_x0Uz273TSbqMFrG80fBn&index=78&pp=iAQB,00:02:43,163,
1,1,,,,"Fugazi playing Turnover""""",https://www.youtube.com/watch?v=R7Y6atVu7co&list=PLXzdYKOUH6xj_x0Uz273TSbqMFrG80fBn&index=79&pp=iAQB,00:05:14,314,
1,1,,,,"Fugazi playing Styrofoam""""",https://www.youtube.com/watch?v=f7uqcrxGFos&list=PLXzdYKOUH6xj_x0Uz273TSbqMFrG80fBn&index=80&pp=iAQB,00:02:34,154,
1,1,,,,"Fugazi playing Exit Only""""",https://www.youtube.com/watch?v=B6HSwaHZhEA&list=PLXzdYKOUH6xj_x0Uz273TSbqMFrG80fBn&index=81&pp=iAQB,00:02:52,172,
1,1,,,,"Fugazi playing Instrument""""",https://www.youtube.com/watch?v=ezs_RLyMaYM&list=PLXzdYKOUH6xj_x0Uz273TSbqMFrG80fBn&index=82&pp=iAQB,00:03:56,236,
1,1,,,,"Fugazi playing Smallpox Champion""""",https://www.youtube.com/watch?v=h2TDiNFDS2Y&list=PLXzdYKOUH6xj_x0Uz273TSbqMFrG80fBn&index=83&pp=iAQB,00:04:13,253,
1,1,,,,"Fugazi playing Returning the Screw""""",https://www.youtube.com/watch?v=ImaUYhzsB_M&list=PLXzdYKOUH6xj_x0Uz273TSbqMFrG80fBn&index=84&pp=iAQB,00:03:39,219,
1,1,,,,"Fugazi playing Margin Walker""""",https://www.youtube.com/watch?v=qDQZ4o4O1eM&list=PLXzdYKOUH6xj_x0Uz273TSbqMFrG80fBn&index=85&pp=iAQB,00:02:43,163,
1,1,,,,"Fugazi playing Suggestion""""",https://www.youtube.com/watch?v=jGeD7ojWVTE&list=PLXzdYKOUH6xj_x0Uz273TSbqMFrG80fBn&index=86&pp=iAQB,00:08:33,513,
1,1,,,,"Fugazi playing Burning""""",https://www.youtube.com/watch?v=aBRaehrJKi0&list=PLXzdYKOUH6xj_x0Uz273TSbqMFrG80fBn&index=87&pp=iAQB,00:03:53,233,
1,1,,,,"Fugazi playing Waiting Room""""",https://www.youtube.com/watch?v=4eccBvEKR6E&list=PLXzdYKOUH6xj_x0Uz273TSbqMFrG80fBn&index=88&pp=iAQB,00:04:05,245,
1,1,,,,"Fugazi playing Rend It""""",https://www.youtube.com/watch?v=O7zCCnD2qE8&list=PLXzdYKOUH6xj_x0Uz273TSbqMFrG80fBn&index=89&pp=iAQB,00:03:53,233,
1,1,,,,"Fugazi playing Great Cop""""",https://www.youtube.com/watch?v=P1URTLWemSU&list=PLXzdYKOUH6xj_x0Uz273TSbqMFrG80fBn&index=90&pp=iAQB,00:02:09,129,
1,1,,,,"Fugazi playing Blueprint""""",https://www.youtube.com/watch?v=IFgRoE5aQBY&list=PLXzdYKOUH6xj_x0Uz273TSbqMFrG80fBn&index=91&pp=iAQB,00:05:03,303,
1,1,,,,"Fugazi playing Stacks""""",https://www.youtube.com/watch?v=dfX3xKMEhvo&list=PLXzdYKOUH6xj_x0Uz273TSbqMFrG80fBn&index=92&pp=iAQB,00:03:44,224,
1,1,,,,"Fugazi plays Two Beats Off"" plus Ian reprimands guy with mohawk""",https://www.youtube.com/watch?v=1DX2V5pQHK0&list=PLXzdYKOUH6xj_x0Uz273TSbqMFrG80fBn&index=93&pp=iAQB,00:05:29,329,
1,1,,,,"Fugazi playing Promises""""",https://www.youtube.com/watch?v=qtANX2vE8G4&list=PLXzdYKOUH6xj_x0Uz273TSbqMFrG80fBn&index=94&pp=iAQB,00:07:43,463,
1,1,,,,"Fugazi playing Sweet and Low""""",https://www.youtube.com/watch?v=mnOv6wamquQ&list=PLXzdYKOUH6xj_x0Uz273TSbqMFrG80fBn&index=95&pp=iAQB,00:04:01,241,
1,1,,,,Fugazi Music Hall New Orleans 10 April 1993,https://www.youtube.com/watch?v=o20oZ2q7ZOs&list=PLXzdYKOUH6xj_x0Uz273TSbqMFrG80fBn&index=96,01:26:41,5201,
1,1,,,,Fugazi Live in Austin 1993,https://www.youtube.com/watch?v=SPjl8kvzR-U&list=PLXzdYKOUH6xj_x0Uz273TSbqMFrG80fBn&index=97,01:09:50,4190,
1,1,,,,"Fugazi 04/17/1993 - Norman, Oklahoma @ Hollywood Theater",https://www.youtube.com/watch?v=A8Dm64WKmYs&list=PLXzdYKOUH6xj_x0Uz273TSbqMFrG80fBn&index=98&pp=iAQB,01:27:53,5273,
1,1,,,,"01. Intro - Fugazi, Sproul Plaza, UC Berkeley, CA - 4.30.93",https://www.youtube.com/watch?v=zsIffF567UU&list=PLXzdYKOUH6xj_x0Uz273TSbqMFrG80fBn&index=99&pp=iAQB,00:01:28,88,
1,1,,,,"02. Joe -1 - Fugazi, Sproul Plaza, UC Berkeley, CA - 4.30.93",https://www.youtube.com/watch?v=S7Jh44lCRgw&list=PLXzdYKOUH6xj_x0Uz273TSbqMFrG80fBn&index=100&pp=iAQB,00:02:40,160,
1,1,,,,"03. Reclamation Fugazi, Sproul Plaza, UC Berkeley, CA - 4.30.93",https://www.youtube.com/watch?v=O-O2orMyZxc&list=PLXzdYKOUH6xj_x0Uz273TSbqMFrG80fBn&index=101&pp=iAQB,00:03:18,198,
1,1,,,,"04. Walken's Syndrome - Fugazi, Sproul Plaza, UC Berkeley, CA - 4.30.93",https://www.youtube.com/watch?v=9KAU9q4iW68&list=PLXzdYKOUH6xj_x0Uz273TSbqMFrG80fBn&index=102&pp=iAQB,00:02:34,154,
1,1,,,,"05. Facet Squared - Fugazi, Sproul Plaza, UC Berkeley, CA - 4.30.93",https://www.youtube.com/watch?v=s74XGZl5Krc&list=PLXzdYKOUH6xj_x0Uz273TSbqMFrG80fBn&index=103&pp=iAQB,00:02:44,164,
1,1,,,,"06. Dear Justice Letter - Fugazi, Sproul Plaza, UC Berkeley, CA - 5.30.93",https://www.youtube.com/watch?v=bXLbh9Choo4&list=PLXzdYKOUH6xj_x0Uz273TSbqMFrG80fBn&index=104&pp=iAQB,00:03:14,194,
1,1,,,,"07. Shut the Door - Fugazi, Sproul Plaza, UC Berkeley, CA - 5.30.93",https://www.youtube.com/watch?v=1Xh79en7rFo&list=PLXzdYKOUH6xj_x0Uz273TSbqMFrG80fBn&index=105&pp=iAQB,00:08:19,499,
1,1,,,,"08. Blueprint - Fugazi, Sproul Plaza, UC Berkeley, CA - 5.30.93",https://www.youtube.com/watch?v=bpY-aV6crwE&list=PLXzdYKOUH6xj_x0Uz273TSbqMFrG80fBn&index=106&pp=iAQB,00:03:45,225,
1,1,,,,Fugazi San Francisco 1993,https://www.youtube.com/watch?v=vPNWnvb1lTo&list=PLXzdYKOUH6xj_x0Uz273TSbqMFrG80fBn&index=107&pp=iAQB,00:53:45,3225,
1,1,,,,"Fugazi - Live @ Capital Theater, Olympia, WA 5/8/93",https://www.youtube.com/watch?v=pipkrEN40wY&list=PLXzdYKOUH6xj_x0Uz273TSbqMFrG80fBn&index=108,01:36:21,5781,
1,1,,,,Fugazi - Kennewick Fairgrounds - 5-14-93 - 01 Soundcheck,https://www.youtube.com/watch?v=7o7gjorYZjU&list=PLXzdYKOUH6xj_x0Uz273TSbqMFrG80fBn&index=109&pp=iAQB,00:04:27,267,
1,1,,,,Fugazi - Kennewick Fairgrounds - 5-14-93 - 02 Joe-1,https://www.youtube.com/watch?v=inTObhvA2vM&list=PLXzdYKOUH6xj_x0Uz273TSbqMFrG80fBn&index=110&pp=iAQB,00:05:47,347,
1,1,,,,Fugazi - Kennewick Fairgrounds - 5-14-93 - 03 Exit Only,https://www.youtube.com/watch?v=Knafjo0ODAg&list=PLXzdYKOUH6xj_x0Uz273TSbqMFrG80fBn&index=111&pp=iAQB,00:02:36,156,
1,1,,,,Fugazi - Kennewick Fairgrounds - 5-14-93 - 04 Reclamation,https://www.youtube.com/watch?v=MNlX43f7HJo&list=PLXzdYKOUH6xj_x0Uz273TSbqMFrG80fBn&index=112&pp=iAQB,00:03:33,213,
1,1,,,,Fugazi - Kennewick Fairgrounds - 5-14-93 - 05 Sieve-Fisted Find,https://www.youtube.com/watch?v=VEC6ub6-T0A&list=PLXzdYKOUH6xj_x0Uz273TSbqMFrG80fBn&index=113&pp=iAQB,00:03:52,232,
1,1,,,,Fugazi - Kennewick Fairgrounds - 5-14-93 - 06 Facet Squared,https://www.youtube.com/watch?v=BfGW55Q8vcE&list=PLXzdYKOUH6xj_x0Uz273TSbqMFrG80fBn&index=114&pp=iAQB,00:03:06,186,
1,1,,,,Fugazi - Kennewick Fairgrounds - 5-14-93 - 07 Rend It,https://www.youtube.com/watch?v=we7EKsy3QZc&list=PLXzdYKOUH6xj_x0Uz273TSbqMFrG80fBn&index=115&pp=iAQB,00:04:36,276,
1,1,,,,Fugazi - Kennewick Fairgrounds - 5-14-93 - 08 Merchandise,https://www.youtube.com/watch?v=UXdM8r1gFNM&list=PLXzdYKOUH6xj_x0Uz273TSbqMFrG80fBn&index=116&pp=iAQB,00:02:49,169,
1,1,,,,Fugazi - Kennewick Fairgrounds - 5-14-93 - 09 Latin Roots,https://www.youtube.com/watch?v=mj94whkNhvI&list=PLXzdYKOUH6xj_x0Uz273TSbqMFrG80fBn&index=117&pp=iAQB,00:04:06,246,
1,1,,,,Fugazi - Kennewick Fairgrounds - 5-14-93 - 10 Promises/Waiting Room,https://www.youtube.com/watch?v=lbC6m7Qzjz8&list=PLXzdYKOUH6xj_x0Uz273TSbqMFrG80fBn&index=118&pp=iAQB,00:07:43,463,
1,1,,,,Fugazi - Kennewick Fairgrounds - 5-14-93 - 11,https://www.youtube.com/watch?v=CVRGx4eNVVQ&list=PLXzdYKOUH6xj_x0Uz273TSbqMFrG80fBn&index=119&pp=iAQB,00:03:16,196,
1,1,,,,Fugazi - Kennewick Fairgrounds - 5-14-93 - 12 Song -1,https://www.youtube.com/watch?v=8WrTHn7i8KQ&list=PLXzdYKOUH6xj_x0Uz273TSbqMFrG80fBn&index=120&pp=iAQB,00:02:56,176,
1,1,,,,Fugazi - Kennewick Fairgrounds - 5-14-93 - 13 Give Me The Cure,https://www.youtube.com/watch?v=NuQ4Pq1F5jE&list=PLXzdYKOUH6xj_x0Uz273TSbqMFrG80fBn&index=121&pp=iAQB,00:03:02,182,
1,1,,,,Fugazi - Kennewick Fairgrounds - 5-14-93 - 14 Waiting Room,https://www.youtube.com/watch?v=hw5lktoCAQ0&list=PLXzdYKOUH6xj_x0Uz273TSbqMFrG80fBn&index=122&pp=iAQB,00:02:59,179,
1,1,,,,Fugazi - Kennewick Fairgrounds - 5-14-93 - 15 Smallpox Champion,https://www.youtube.com/watch?v=9-RAXIV8KVE&list=PLXzdYKOUH6xj_x0Uz273TSbqMFrG80fBn&index=123&pp=iAQB,00:05:06,306,
1,1,,,,Fugazi - Kennewick Fairgrounds - 5-14-93 - 16 Returning The Screw,https://www.youtube.com/watch?v=HZJD8Q_BmUQ&list=PLXzdYKOUH6xj_x0Uz273TSbqMFrG80fBn&index=124&pp=iAQB,00:04:33,273,
1,1,,,,Fugazi - Kennewick Fairgrounds - 5-14-93 - 17 Blueprint,https://www.youtube.com/watch?v=L1OuAncsKZk&list=PLXzdYKOUH6xj_x0Uz273TSbqMFrG80fBn&index=125&pp=iAQB,00:03:26,206,
1,1,,,,Fugazi - Kennewick Fairgrounds - 5-14-93 - 18 Repeater,https://www.youtube.com/watch?v=qmqy6RW7kYE&list=PLXzdYKOUH6xj_x0Uz273TSbqMFrG80fBn&index=126&pp=iAQB,00:02:53,173,
1,1,,,,Fugazi - Kennewick Fairgrounds - 5-14-93 - 19 Brendan -1,https://www.youtube.com/watch?v=cQd-0Lt8wPw&list=PLXzdYKOUH6xj_x0Uz273TSbqMFrG80fBn&index=127&pp=iAQB,00:04:38,278,
1,1,,,,Fugazi - Kennewick Fairgrounds - 5-14-93 - 20 Turnover,https://www.youtube.com/watch?v=Pj87uQuJi0c&list=PLXzdYKOUH6xj_x0Uz273TSbqMFrG80fBn&index=128&pp=iAQB,00:04:26,266,
1,1,,,,Fugazi - Kennewick Fairgrounds - 5-14-93 - 21 KYEO,https://www.youtube.com/watch?v=0cgOiF1RVZ4&list=PLXzdYKOUH6xj_x0Uz273TSbqMFrG80fBn&index=129&pp=iAQB,00:03:06,186,
1,1,,,,Fugazi - Kennewick Fairgrounds - 5-14-93 - 22 Sweet and Low,https://www.youtube.com/watch?v=cn0QR6ldLIA&list=PLXzdYKOUH6xj_x0Uz273TSbqMFrG80fBn&index=130&pp=iAQB,00:04:23,263,
1,1,,,,"Fugazi - August 19, 1993 - Live at Decibels, Mechanicsburg, PA",https://www.youtube.com/watch?v=02-VGs-Cfe8&list=PLXzdYKOUH6xj_x0Uz273TSbqMFrG80fBn&index=131&pp=iAQB,00:43:22,2602,
1,1,,,,"Fugazi - Live at 92Graus - Curitiba, Brazil - 25 August 1994",https://www.youtube.com/watch?v=S8q18IPFBds&list=PLXzdYKOUH6xj_x0Uz273TSbqMFrG80fBn&index=133&pp=iAQB,01:21:33,4893,344
0,,,,,Entrevue Fugazi Musiqueplus - Circa '94,https://www.youtube.com/watch?v=cqhyom_7kXQ&list=PLXzdYKOUH6xj_x0Uz273TSbqMFrG80fBn&index=134&pp=iAQB,00:05:42,342,229
1,1,,,,"Fugazi  - The Trocadero, Philadelphia 4-2-95 Synced Audio",https://www.youtube.com/watch?v=zO-l5OsxMqU&list=PLXzdYKOUH6xj_x0Uz273TSbqMFrG80fBn&index=135,01:24:10,5050,139
1,1,,,,"Fugazi - (Trocadeo) Philadelphia,Pa 4.2.95 (HQ Audio)",https://www.youtube.com/watch?v=6pzImc7PE9M&list=PLXzdYKOUH6xj_x0Uz273TSbqMFrG80fBn&index=136&pp=iAQB,01:40:33,6033,351
1,1,,,,"Fugazi Live At Sentrum Scene, Oslo, Norway, 1995-07-14",https://www.youtube.com/watch?v=dFrMZ5DsZak&list=PLXzdYKOUH6xj_x0Uz273TSbqMFrG80fBn&index=138&pp=iAQB,01:20:07,4807,171
1,1,,,,"Fugazi - 1995 Sylvan Theater / Washington, DC",https://www.youtube.com/watch?v=gZornvqsPxw&list=PLXzdYKOUH6xj_x0Uz273TSbqMFrG80fBn&index=139&pp=iAQB,00:53:11,3191,216
1,1,,,,FUGAZI Shine/LA 11/8/95 (full show),https://www.youtube.com/watch?v=SLXzwiqwYuY&list=PLXzdYKOUH6xj_x0Uz273TSbqMFrG80fBn&index=142&pp=iAQB,01:19:02,4742,208
1,1,,,,"Fugazi Live in Lafayette LA on April 7, 1996",https://www.youtube.com/watch?v=-MFMGmtkfVY&list=PLXzdYKOUH6xj_x0Uz273TSbqMFrG80fBn&index=143&pp=iAQB,01:20:43,4843,113
1,1,,,,Fugazi - Full Show Houston 1996 HD,https://www.youtube.com/watch?v=Yb3oDQAY1Tw&list=PLXzdYKOUH6xj_x0Uz273TSbqMFrG80fBn&index=144&pp=iAQB,01:15:40,4540,103
1,1,,,,"Fugazi - Intro and Do You Like Me"" - April 14"," 1996 - VCU Shafer Court live in Richmond Virginia""",https://www.youtube.com/watch?v=NmjcEQQJCko&list=PLXzdYKOUH6xj_x0Uz273TSbqMFrG80fBn&index=145&pp=iAQB,00:05:44,244
1,1,,,,"Fugazi -  And The Same"" - April 14"," 1996 - VCU Shafer Court live in Richmond Virginia""",https://www.youtube.com/watch?v=2Erkk0WmGR0&list=PLXzdYKOUH6xj_x0Uz273TSbqMFrG80fBn&index=146&pp=iAQB,00:03:49,
1,1,,,,"Fugazi - Birthday Pony"" - April 14"," 1996 - VCU Shafer Court live in Richmond Virginia""",https://www.youtube.com/watch?v=GL_AD6h_WV4&list=PLXzdYKOUH6xj_x0Uz273TSbqMFrG80fBn&index=147&pp=iAQB,00:02:19,
1,1,,,,"Fugazi - Suggestion"" - April 14"," 1996 - VCU Shafer Court live in Richmond Virginia""",https://www.youtube.com/watch?v=cMXKoyS-30A&list=PLXzdYKOUH6xj_x0Uz273TSbqMFrG80fBn&index=148&pp=iAQB,00:05:51,
1,1,,,,"Fugazi - Bed for the Scraping"" - April 14"," 1996 - VCU Shafer Court in Richmond Virginia""",https://www.youtube.com/watch?v=I1CghXutKng&list=PLXzdYKOUH6xj_x0Uz273TSbqMFrG80fBn&index=149&pp=iAQB,00:02:51,
1,1,,,,"Fugazi - Target"" - April 14"," 1996 - VCU Shafer Court live in Richmond Virginia""",https://www.youtube.com/watch?v=BxulAI6rdiA&list=PLXzdYKOUH6xj_x0Uz273TSbqMFrG80fBn&index=150&pp=iAQB,00:03:36,
1,1,,,,"Fugazi - Instrument"" - April 14"," 1996 - VCU Shafer Court live in Richmond Virginia""",https://www.youtube.com/watch?v=JCwBy5K2O0c&list=PLXzdYKOUH6xj_x0Uz273TSbqMFrG80fBn&index=151&pp=iAQB,00:03:28,
1,1,,,,"Fugazi - Public Witness Program"" - April 14"," 1996 - VCU Shafer Court""",https://www.youtube.com/watch?v=mBdm55fGzrM&list=PLXzdYKOUH6xj_x0Uz273TSbqMFrG80fBn&index=152&pp=iAQB,00:01:53,
1,1,,,,"Fugazi - Great Cop"" - April 14"," 1996 - VCU Shafer Court live in Richmond Virginia""",https://www.youtube.com/watch?v=K10q6a_L41s&list=PLXzdYKOUH6xj_x0Uz273TSbqMFrG80fBn&index=153&pp=iAQB,00:01:43,
1,1,,,,"Fugazi - Forensic Scene"" - April 14"," 1996 - VCU Shafer Court""",https://www.youtube.com/watch?v=fJe1urE37sE&list=PLXzdYKOUH6xj_x0Uz273TSbqMFrG80fBn&index=154&pp=iAQB,00:04:04,
1,1,,,,Fugazi Live in Washington DC September 29 1996,https://www.youtube.com/watch?v=owZXg43lNS4&list=PLXzdYKOUH6xj_x0Uz273TSbqMFrG80fBn&index=155&pp=iAQB,00:59:31,3571,
1,1,,,,1996年10月30日 FUGAZI at KLUB COUNTER ACTION,https://www.youtube.com/watch?v=ce0rXDv2_xg&list=PLXzdYKOUH6xj_x0Uz273TSbqMFrG80fBn&index=156,01:02:44,3764,
1,1,,,,Fugazi - Live at Electric Factory [Remastered Soundboard Audio],https://www.youtube.com/watch?v=u19Dv_6jiVQ&list=PLXzdYKOUH6xj_x0Uz273TSbqMFrG80fBn&index=157&pp=iAQB,01:32:45,5565,
1,1,,,,Fugazi live at St. John's Gym (full show) 1997,https://www.youtube.com/watch?v=YE4RwruMMkw&list=PLXzdYKOUH6xj_x0Uz273TSbqMFrG80fBn&index=158,01:13:34,4414,
1,1,,,,Fugazi - BRAZIL - Belo Horizonte - 1997 - [Full Set],https://www.youtube.com/watch?v=IQrVO3UgLBQ&list=PLXzdYKOUH6xj_x0Uz273TSbqMFrG80fBn&index=159&pp=iAQB,01:31:01,5461,
1,1,,,,Fugazi - ASAMPI  - Campinas SP Brasil -19/08/1997,https://www.youtube.com/watch?v=D32zQlnpxus&list=PLXzdYKOUH6xj_x0Uz273TSbqMFrG80fBn&index=160&pp=iAQB,00:57:47,3467,
1,1,,,,Fugazi Live at Fort Reno Park (1997-08-29) [Full Audio],https://www.youtube.com/watch?v=Ka2IioIx7x4&list=PLXzdYKOUH6xj_x0Uz273TSbqMFrG80fBn&index=161,01:11:34,4294,
1,1,,,,Fugazi @Fort Reno,https://www.youtube.com/watch?v=TLJSMFYHpDE&list=PLXzdYKOUH6xj_x0Uz273TSbqMFrG80fBn&index=162,00:29:51,1791,
1,1,,,,Fugazi @Fort Reno (Part 2),https://www.youtube.com/watch?v=HxupsqdVD2U&list=PLXzdYKOUH6xj_x0Uz273TSbqMFrG80fBn&index=163,00:30:19,1819,
1,1,,,,Fugazi @Fort Reno (Part 3),https://www.youtube.com/watch?v=zPSf2mSDTns&list=PLXzdYKOUH6xj_x0Uz273TSbqMFrG80fBn&index=164,00:10:46,646,
0,,,,,Fugazi - 09-13-97 Manly Youth Centre - Recovery Interview + Live,https://www.youtube.com/watch?v=pJKRLIKEPLc&list=PLXzdYKOUH6xj_x0Uz273TSbqMFrG80fBn&index=165&pp=iAQB,00:06:23,383,
1,1,,,,Fugazi Live at Kent State University May 4th 1998,https://www.youtube.com/watch?v=Bhc47cFn0m4&list=PLXzdYKOUH6xj_x0Uz273TSbqMFrG80fBn&index=166&pp=iAQB,01:28:34,5314,
1,1,,,,"Fugazi live at Congress Theater (1/7) | Sieve-Fisted Find""""",https://www.youtube.com/watch?v=VZf8y-5R8Vg&list=PLXzdYKOUH6xj_x0Uz273TSbqMFrG80fBn&index=167&pp=iAQB,00:03:24,204,
1,1,,,,"Fugazi live at Congress Theater (2/7) | Arpeggiator""""",https://www.youtube.com/watch?v=AMjmHv4y1C0&list=PLXzdYKOUH6xj_x0Uz273TSbqMFrG80fBn&index=168&pp=iAQB,00:03:46,226,
1,1,,,,"Fugazi live at Congress Theater (3/7) | Smallpox Champion""""",https://www.youtube.com/watch?v=93Q0ikxgs5A&list=PLXzdYKOUH6xj_x0Uz273TSbqMFrG80fBn&index=169&pp=iAQB,00:03:28,208,
1,1,,,,"Fugazi live at Congress Theater (4/7) | Give Me The Cure"" & ""Waiting Room""""",https://www.youtube.com/watch?v=Y1MTEnWbn0U&list=PLXzdYKOUH6xj_x0Uz273TSbqMFrG80fBn&index=170&pp=iAQB,00:05:38,338,
1,1,,,,"Fugazi live at Congress Theater (5/7) | Rend It""""",https://www.youtube.com/watch?v=xy8FBcbXMFQ&list=PLXzdYKOUH6xj_x0Uz273TSbqMFrG80fBn&index=171&pp=iAQB,00:04:04,244,
1,1,,,,"Fugazi live at Congress Theater (6/7) | F/D""""",https://www.youtube.com/watch?v=445DhHSIC1I&list=PLXzdYKOUH6xj_x0Uz273TSbqMFrG80fBn&index=172&pp=iAQB,00:02:06,126,
1,1,,,,"Fugazi live at Congress Theater (7/7) | Long Distance Runner""""",https://www.youtube.com/watch?v=ISBvF1Y_vrk&list=PLXzdYKOUH6xj_x0Uz273TSbqMFrG80fBn&index=173&pp=iAQB,00:06:05,365,
1,1,,,,"Fugazi live in Baltimore, MD on 5.12.1998 (almost complete ) :-(",https://www.youtube.com/watch?v=S9EVxq-lWY8&list=PLXzdYKOUH6xj_x0Uz273TSbqMFrG80fBn&index=174,01:18:05,4685,
1,1,,,,Fugazi - 1998-07-21 - Montreal at Spectrum,https://www.youtube.com/watch?v=3lelkZDhozA&list=PLXzdYKOUH6xj_x0Uz273TSbqMFrG80fBn&index=175&pp=iAQB,01:38:26,5906,
1,1,,,,"Fugazi - live @ Olympic Bingo Hall, Halifax, NS 7/25/98",https://www.youtube.com/watch?v=ahHC3qC9N7o&list=PLXzdYKOUH6xj_x0Uz273TSbqMFrG80fBn&index=176&pp=iAQB,01:35:27,5727,
1,1,,,,Fugazi live at Asylum (full show) 1998,https://www.youtube.com/watch?v=Ovf-eaZ8aDg&list=PLXzdYKOUH6xj_x0Uz273TSbqMFrG80fBn&index=177,01:05:04,3904,
1,1,,,,"FUGAZI - Live in Oklahoma City, 1998",https://www.youtube.com/watch?v=LBVZPwREToc&list=PLXzdYKOUH6xj_x0Uz273TSbqMFrG80fBn&index=178&pp=iAQB,01:25:49,5149,
1,1,,,,"Fugazi - November 21, 1998 - Fitzgerald's - Houston, TX",https://www.youtube.com/watch?v=npEY1NGIDwA&list=PLXzdYKOUH6xj_x0Uz273TSbqMFrG80fBn&index=179&pp=iAQB,01:29:24,5364,
1,1,,,,Fugazi - Ventura Theater 2/19/99 Part 1,https://www.youtube.com/watch?v=YX8XnjvoMsY&list=PLXzdYKOUH6xj_x0Uz273TSbqMFrG80fBn&index=180&pp=iAQB,00:30:15,1815,
1,1,,,,Fugazi - Ventura Theater 2/19/99 Part 2,https://www.youtube.com/watch?v=1o2iNqB8qFA&list=PLXzdYKOUH6xj_x0Uz273TSbqMFrG80fBn&index=181&pp=iAQB,00:29:08,1748,
1,1,,,,Fugazi at The Edge in Palo Alto CA february 21 1999,https://www.youtube.com/watch?v=-02FmBmInog&list=PLXzdYKOUH6xj_x0Uz273TSbqMFrG80fBn&index=182&pp=iAQB,01:09:01,4141,
1,1,,,,"FUGAZI live at Capitol Theater in Olympia, WA on February 27, 1999",https://www.youtube.com/watch?v=l5bjBDOMyec&list=PLXzdYKOUH6xj_x0Uz273TSbqMFrG80fBn&index=183&pp=iAQB,01:11:12,4272,
1,1,,,,"Fugazi live in Pomona, CA 3/7/1999",https://www.youtube.com/watch?v=P9Jl4oMnFMA&list=PLXzdYKOUH6xj_x0Uz273TSbqMFrG80fBn&index=184&pp=iAQB,01:09:05,4145,
1,1,,,,"Fugazi live in Hollywood, CA 3/8/1999",https://www.youtube.com/watch?v=N0SIAmLPfbA&list=PLXzdYKOUH6xj_x0Uz273TSbqMFrG80fBn&index=185&pp=iAQB,01:20:26,4826,
1,1,,,,"Fugazi - Live in the Friary Hall, Kilkenny.",https://www.youtube.com/watch?v=2-phlDbjsGE&list=PLXzdYKOUH6xj_x0Uz273TSbqMFrG80fBn&index=186&pp=iAQB,01:17:52,4672,
1,1,,,,"Fugazi - Live - 8-21-99 - Washington, D.C",https://www.youtube.com/watch?v=-rKrYsysRvk&list=PLXzdYKOUH6xj_x0Uz273TSbqMFrG80fBn&index=187&pp=iAQB,00:31:44,1904,
1,1,,,,Fugazi live in Hamburg 1999,https://www.youtube.com/watch?v=0zjwPGh4Zw0&list=PLXzdYKOUH6xj_x0Uz273TSbqMFrG80fBn&index=188,01:41:52,6112,
1,1,,,,Fugazi   Forte Prenestino 30 09 1999,https://www.youtube.com/watch?v=N9zqn-j58Kc&list=PLXzdYKOUH6xj_x0Uz273TSbqMFrG80fBn&index=189,01:14:44,4484,
1,1,,,,"Fugazi live @ Rote Fabrik, Zürich, Switzerland 05.10.99",https://www.youtube.com/watch?v=WksqZWclxb0&list=PLXzdYKOUH6xj_x0Uz273TSbqMFrG80fBn&index=191&pp=iAQB,01:39:11,5951,
1,1,,,,FUGAZI live@ab-BRUSSELS 15-10-99 part1,https://www.youtube.com/watch?v=1pktWEbmQwA&list=PLXzdYKOUH6xj_x0Uz273TSbqMFrG80fBn&index=192&pp=iAQB,00:23:05,1385,
1,1,,,,FUGAZI live@ab-BRUSSELS 15-10-99 part2,https://www.youtube.com/watch?v=Krgx2D9Uw00&list=PLXzdYKOUH6xj_x0Uz273TSbqMFrG80fBn&index=193&pp=iAQB,00:20:43,1243,
1,1,,,,FUGAZI live@ab-BRUSSELS 15-10-99 part3,https://www.youtube.com/watch?v=kB0CC4H5nNo&list=PLXzdYKOUH6xj_x0Uz273TSbqMFrG80fBn&index=194&pp=iAQB,00:15:43,943,
1,1,,,,"Fugazi - Full Show - -TremontMusicHall - -Charlotte, NC - 1 13 -2000",https://www.youtube.com/watch?v=JNozZQjoT7U&list=PLXzdYKOUH6xj_x0Uz273TSbqMFrG80fBn&index=195,01:47:46,6466,
1,1,,,,"Fugazi Live in Denver, CO 4-6-2001 Part I",https://www.youtube.com/watch?v=YhvZ45LpHfk&list=PLXzdYKOUH6xj_x0Uz273TSbqMFrG80fBn&index=199,00:37:03,2223,
1,1,,,,"Fugazi Live in Denver, CO 4-6-2001 Part II",https://www.youtube.com/watch?v=oCA9m35Abl8&list=PLXzdYKOUH6xj_x0Uz273TSbqMFrG80fBn&index=200&pp=iAQB,00:25:36,1536,
1,1,,,,"Fugazi Live in Denver, CO 4-6-2001 Part III",https://www.youtube.com/watch?v=V5cu_y7RZ9w&list=PLXzdYKOUH6xj_x0Uz273TSbqMFrG80fBn&index=201,00:34:03,2043,
1,1,,,,"Fugazi 6/27/01 First Avenue, Minneapolis, MN FULL SET",https://www.youtube.com/watch?v=oym5cVHU4K0&list=PLXzdYKOUH6xj_x0Uz273TSbqMFrG80fBn&index=202&pp=iAQB,01:27:24,5244,
1,1,,,,Fugazi 1/2 - Fort Reno - 8/13/2001,https://www.youtube.com/watch?v=TQtq4Uj6OmM&list=PLXzdYKOUH6xj_x0Uz273TSbqMFrG80fBn&index=203&pp=iAQB,00:54:49,3289,
1,1,,,,Fugazi 2/2 - Fort Reno - 8/13/2001,https://www.youtube.com/watch?v=5MsAhUJBrl4&list=PLXzdYKOUH6xj_x0Uz273TSbqMFrG80fBn&index=204&pp=iAQB,00:27:41,1661,
1,1,,,,Fugazi - San Antonio 03.29.02 Sunset Station (not full set),https://www.youtube.com/watch?v=hjB_2xwBgtQ&list=PLXzdYKOUH6xj_x0Uz273TSbqMFrG80fBn&index=205&pp=iAQB,00:45:48,2748,
1,1,,,,"Fugazi 4/4/02 Louisville, KY @ Spectrum Center (Part 1 of 5)",https://www.youtube.com/watch?v=T3BKfwyTQ-4&list=PLXzdYKOUH6xj_x0Uz273TSbqMFrG80fBn&index=206&pp=iAQB,00:21:48,1308,
1,1,,,,"Fugazi 4/4/02 Louisville, KY @ Spectrum Center (Part 2 of 5)",https://www.youtube.com/watch?v=C8zmytALVQQ&list=PLXzdYKOUH6xj_x0Uz273TSbqMFrG80fBn&index=207&pp=iAQB,00:21:56,1316,
1,1,,,,"Fugazi 4/4/02 Louisville, KY @ Spectrum Center (Part 3 of 5)",https://www.youtube.com/watch?v=KKh4ZXuXEZ0&list=PLXzdYKOUH6xj_x0Uz273TSbqMFrG80fBn&index=208&pp=iAQB,00:22:19,1339,
1,1,,,,"Fugazi 4/4/02 Louisville, KY @ Spectrum Center (Part 4 of 5)",https://www.youtube.com/watch?v=aP7KZbZr7ww&list=PLXzdYKOUH6xj_x0Uz273TSbqMFrG80fBn&index=209&pp=iAQB,00:22:26,1346,
1,1,,,,"Fugazi 4/4/02 Louisville, KY @ Spectrum Center (Part 5 of 5)",https://www.youtube.com/watch?v=3wEfrYX-Uyw&list=PLXzdYKOUH6xj_x0Uz273TSbqMFrG80fBn&index=210&pp=iAQB,00:05:36,336,
1,1,,,,FUGAZI LIVE IN HUNTINGTON WEST VIRGINIA 2002 part 1 of 11,https://www.youtube.com/watch?v=qEs9kA5rI4g&list=PLXzdYKOUH6xj_x0Uz273TSbqMFrG80fBn&index=211&pp=iAQB,00:07:09,429,
1,1,,,,FUGAZI LIVE IN HUNTINGTON WEST VIRGINIA 2002 part 2 of 11,https://www.youtube.com/watch?v=a1bSkZBYBJU&list=PLXzdYKOUH6xj_x0Uz273TSbqMFrG80fBn&index=212&pp=iAQB,00:09:15,555,
1,1,,,,FUGAZI LIVE IN HUNTINGTON WEST VIRGINIA 2002 part 3 of 11,https://www.youtube.com/watch?v=lLwjkRG-YD4&list=PLXzdYKOUH6xj_x0Uz273TSbqMFrG80fBn&index=213&pp=iAQB,00:07:45,465,
1,1,,,,FUGAZI LIVE IN HUNTINGTON WEST VIRGINIA 2002 part 4 of 11,https://www.youtube.com/watch?v=pu9IeDZQon8&list=PLXzdYKOUH6xj_x0Uz273TSbqMFrG80fBn&index=214&pp=iAQB,00:08:29,509,
1,1,,,,FUGAZI LIVE IN HUNTINGTON WEST VIRGINIA 2002 part 5 of 11,https://www.youtube.com/watch?v=0M8dex7fk2c&list=PLXzdYKOUH6xj_x0Uz273TSbqMFrG80fBn&index=215&pp=iAQB,00:08:28,508,
1,1,,,,FUGAZI LIVE IN HUNTINGTON WEST VIRGINIA 2002 part 6 of 11,https://www.youtube.com/watch?v=bz_vI2rpRWQ&list=PLXzdYKOUH6xj_x0Uz273TSbqMFrG80fBn&index=216&pp=iAQB,00:07:45,465,
1,1,,,,FUGAZI LIVE IN HUNTINGTON WEST VIRGINIA 2002 part 7 of 11,https://www.youtube.com/watch?v=419kBImokGM&list=PLXzdYKOUH6xj_x0Uz273TSbqMFrG80fBn&index=217&pp=iAQB,00:09:51,591,
1,1,,,,"FUGAZI LIVE IN HUNTINGTON, WV 2002 part 8 of 11",https://www.youtube.com/watch?v=bWFGTwFevmw&list=PLXzdYKOUH6xj_x0Uz273TSbqMFrG80fBn&index=218&pp=iAQB,00:09:10,550,
1,1,,,,"FUGAZI LIVE IN HUNTINGTON, WV 2002 part 9 of 11",https://www.youtube.com/watch?v=aOt2JI5HaFs&list=PLXzdYKOUH6xj_x0Uz273TSbqMFrG80fBn&index=219&pp=iAQB,00:07:51,471,
1,1,,,,"FUGAZI LIVE IN HUNTINGTON, WV 2002 part 10 of 11",https://www.youtube.com/watch?v=-kKLo05uPZQ&list=PLXzdYKOUH6xj_x0Uz273TSbqMFrG80fBn&index=220&pp=iAQB,00:09:18,558,
1,1,,,,"FUGAZI LIVE IN HUNTINGTON, WV 2002 part 11 of 11",https://www.youtube.com/watch?v=pXXIuD_vkJ8&list=PLXzdYKOUH6xj_x0Uz273TSbqMFrG80fBn&index=221&pp=iAQB,00:02:18,138,
1,1,,,,Fugazi Flywheel show 4 18 2002,https://www.youtube.com/watch?v=uW26GbW6OWA&list=PLXzdYKOUH6xj_x0Uz273TSbqMFrG80fBn&index=222&pp=iAQB,01:33:23,5603,
1,1,,,,Fugazi - Mass Art - 4/19/2002,https://www.youtube.com/watch?v=DtLHmDoFAuc&list=PLXzdYKOUH6xj_x0Uz273TSbqMFrG80fBn&index=223&pp=iAQB,01:02:34,3754,
1,1,,,,"FUGAZI Live - Boston, Massachusetts College of Art, April 19th 2002, Show 1 of 2",https://www.youtube.com/watch?v=qyqaEKzt8M4&list=PLXzdYKOUH6xj_x0Uz273TSbqMFrG80fBn&index=224&pp=iAQB,01:33:07,5587,
1,1,,,,"FUGAZI Live - Boston, Massachusetts College of Art, April 20th 2002, Show 2 of 2",https://www.youtube.com/watch?v=B6nqIbnDGmI&list=PLXzdYKOUH6xj_x0Uz273TSbqMFrG80fBn&index=225,01:32:05,5525,
1,1,,,,"Fugazi, Live 2002"" Final Performance""",https://www.youtube.com/watch?v=6PdyR67HrTk&list=PLXzdYKOUH6xj_x0Uz273TSbqMFrG80fBn&index=226,01:40:39,6039,
0,,,,,Ellie Goulding - Lights (Official Video),https://www.youtube.com/watch?v=0NKUpo_xKyQ&list=PLXzdYKOUH6xj_x0Uz273TSbqMFrG80fBn&index=228&pp=iAQB,00:03:34,214,
1,1,,,,"Cops shut down FUGAZI. Live Savannah GA. Waiting Room,  Song -1.",https://www.youtube.com/watch?v=RF5fswUPeQU&list=PLXzdYKOUH6xj_x0Uz273TSbqMFrG80fBn&index=229&pp=iAQB,00:07:54,474,
